License Number,License Type,Legal Business Name,D.B.A. (Doing Business As),Business Type,Medical Cannabis Retail,Social Equity Classified,Retail Site Address,Site Contact,Email,Local Authority,City,County,Site License Issued Date,License Expiration Date
MEZZO-L24-000055,Mezzobusiness,Northern Illusion LLC,Greenleaf Meadow,Manufacturing,N/A,Yes,N/A,Shekhar Nepal,snepal67@icloud.com,City of Harris,Harris,Chisago,8/31/2026,2/19/2027
MICRO-L25-001434,Microbusiness,Kailua Cultivation LLC,Kailua Cultivation LLC,Cultivation,N/A,No,N/A,Leonard Mcquen,pigpen662@hotmail.com,City of Mankato,Mankato,Blue Earth,8/31/2026,8/31/2027
CUL-L24-000047,Cultivator,Loon Cultivation LLC,Loon Cultivation LLC,Cultivation,N/A,Yes,N/A,Patrick Schuna,pat@elmwoodsfarm.com,City of Mankato,Mankato,Blue Earth,8/28/2026,8/28/2027
DIS-L25-000016,Retail,Black Bear Wellness MN LLC,Black Bear Dispensary,Retail,Yes,Yes,"209 W Bridge Street, Owatonna, MN 55060",Jesse Worsk,jesse@blackbeardispensary.com,City of Owatonna,Owatonna,Steele,8/28/2026,3/2/2027
MICRO-L25-001109,Microbusiness,ZENITH GREEN INC,TERRACE HIGH,Retail,No,No,"6211 Upper 51 Street N, Oakdale, MN 55128",Virender Singh,"rrkinvestement@gmail.com
contact@terracehigh.com",City of Oakdale,Oakdale,Washington,8/28/2026,8/28/2027
MICRO-L25-001563,Microbusiness,Cool Cats Cannabis,Cool Cats Cannabis,Cultivation,N/A,No,N/A,Styles Johnson,styles.johnson@coolcatscannabis.com,City of Kasota,Saint Peter,Le Sueur,8/28/2026,8/28/2027
MEZZO-L24-000104,Mezzobusiness,Jay Bird's Buds Inc.,Jay Bird's Buds Inc.,Cultivation,N/A,Yes,N/A,D'Lynn Roach,"ArtemusDreams@gmail.com
dlynn.r24@gmail.com",City of Mankato,Mankato,Blue Earth,8/26/2026,8/26/2027
MICRO-L24-000349,Microbusiness,DSFDP Greenhouses LLC,DSFDP Greenhouses LLC,Cultivation,N/A,Yes,N/A,Debra O'Donoghue,dsfdpgreenhouses@gmail.com,Le Sueur County,Montgomery,Le Sueur,8/26/2026,8/26/2027
MICRO-L25-000799,Microbusiness,5Th Sun Gardens LLC,5Th Sun Gardens LLC,Retail,No,No,"111 Coffee Street E, Suite 2, Lanesboro, MN 55949",Luis Hummel,luishummel1010@gmail.com,Fillmore County,Lanesboro,Fillmore,8/26/2026,8/26/2027
MICRO-L25-000979,Microbusiness,Marie Vannelli Endeavors LLC,Marie Vannelli Endeavors LLC,Cultivation,N/A,No,N/A,Marie Vannelli,Mvannelli1@gmail.com,City of Scandia,Scandia,Washington,8/26/2026,8/26/2027
MICRO-L25-001293,Microbusiness,PACK LLC,Marawanna,Manufacturing,N/A,No,N/A,Peter Schmidt,peter.schmidt@marawanna.org,City of Bloomington,Bloomington,Hennepin,8/26/2026,5/22/2027
MICRO-L25-001323,Microbusiness,Minnesota Highlands LLC,Minnesota Highlands LLC,Cultivation,N/A,No,N/A,Mitchell Houle,minnesotahighlands@gmail.com,City of Scandia,Scandia,Washington,8/26/2026,8/26/2027
MICRO-L25-001531,Microbusiness,the joint L.L.C.,the joint L.L.C.,Cultivation,N/A,No,N/A,Maxwell Vannelli,Vannellimax7@gmail.com,Washington County,Scandia,Washington,8/26/2026,12/18/2026
CUL-L24-000024,Cultivator,Christian Stiers,Stiers Farms,Cultivation,N/A,Yes,N/A,April Roth,"ilovethisplant@gmail.com
aprilroth@grownrogue.com",City of Fridley,Fridley,Anoka,8/25/2026,8/25/2027
CUL-L25-000028,Cultivator,Blue Fox Brands - Minnesota Inc.,Blue Fox Brands - Minnesota Inc.,Cultivation,N/A,No,N/A,John Mackewich,"Kostas@bluefoxbrands.com
johnmackewich@mackewich.com",Fillmore County,Harmony,Fillmore,8/25/2026,8/25/2027
MDCMB-L25-000005,Medical Cannabis Combination Business,Zomer Farms LLC,Zomer Farms LLC,Cultivation,N/A,No,N/A,Justin Seurer,"justinseurer@me.com
Justin@ZomerFarms.com",City of Maple Plain,Maple Plain,Hennepin,8/25/2026,8/25/2027
MICRO-L24-000395,Microbusiness,Grounded Gardens LLC,Grounded Gardens LLC,Cultivation,N/A,Yes,N/A,Bridgette Bethke Pinder,groundedgardensllc@gmail.com,McLeod County,Hutchinson,McLeod,8/25/2026,10/21/2026
MICRO-L25-000873,Microbusiness,Wild River Cannabis LLC,Wild River Dispensary,Retail,No,No,"4628 Isanti Trail, North Branch, MN 55056",James Rayer,wildriverwelding@gmail.com,City of North Branch,North Branch,Chisago,8/25/2026,8/25/2027
MICRO-L25-000884,Microbusiness,Warfare Store LLC,Warfare Store LLC,Cultivation,N/A,Yes,N/A,Jack Zimmerman,jack@jackzimmermanmn.com,City of Mankato,Mankato,Blue Earth,8/25/2026,8/25/2027
MICRO-L25-001195,Microbusiness,JA Minny LLC,North Blume Cannabis - Rogers,Retail,No,No,"21753 S Diamond Lake Road, Rogers, MN 55374",Alan Shamoun,"julian@cann.dev
alan@shamounlaw.com",City of Rogers,Rogers,Hennepin,8/25/2026,8/25/2027
MICRO-L25-001403,Microbusiness,Moose Ridge Inc.,Moose Ridge Inc.,Cultivation,N/A,No,N/A,Curtis Hall,"boston@bluesagecanna.com
admin@kindlymn.com",City of Mankato,Mankato,Blue Earth,8/25/2026,8/25/2027
MICRO-L25-001524,Microbusiness,Forrey Enterprises LLC,Lake Country Cannabis,Cultivation,N/A,Yes,N/A,James Forrey,"jim.forrey@gmail.com
forreyenterprises@gmail.com",Cass County,Pine River,Cass,8/25/2026,8/25/2027
CUL-L24-000007,Cultivator,"Blue Moose Cannabis Co., Inc.","Blue Moose Cannabis Co., Inc.",Cultivation,N/A,Yes,N/A,Gregory Bowler,"kim.l.shelton@gmail.com
greg@bluemoosebrands.com",City of Saint Cloud,Saint Cloud,Stearns,8/24/2026,8/24/2027
DIS-L24-000115,Retail,St. Croix Cannabis,10K Leaves,Retail,Yes,Yes,"14303 60th Street N, Oak Park Heights, MN 55082",Brian Gotti,"dick@stillwatertrolley.com
brian@10kleaves.com",City of Oak Park Heights,Oak Park Heights,Washington,8/24/2026,8/24/2027
MICRO-L25-000407,Microbusiness,Blooming Buds Dispensary,Blooming Buds Dispensary,Retail,No,No,"710 County Road 75 E, Unit 6, Saint Joseph, MN 56374",Kirsten Sanghera,"conrad@bloomingbudsmn.com
kirsten@bloomingbudsmn.com",City of Saint Joseph,Saint Joseph,Stearns,8/24/2026,8/24/2027
MICRO-L25-001033,Microbusiness,Droid Sent By Aliens LLC,Sent By Aliens,Cultivation,N/A,No,N/A,John McQueeney,johnbmcq@gmail.com,City of Lakeville,Lakeville,Dakota,8/24/2026,8/24/2027
MICRO-L25-001140,Microbusiness,SST LLC,SST LLC,Cultivation,N/A,No,N/A,Mary Enz,mary@stadiumheights.com,City of Mankato,Mankato,Blue Earth,8/24/2026,8/24/2027
MEZZO-L24-000098,Mezzobusiness,Dappled Dreams Inc,Dappled Dreams Inc,Cultivation,N/A,Yes,N/A,Jerome McGinty,"beckyzenzen@gmail.com
jmcginty@mboutdoor8.com",Chisago County,Harris,Chisago,8/21/2026,8/21/2027
MEZZO-L24-000113,Mezzobusiness,"Moments of Zen, Inc.","Moments of Zen, Inc.",Cultivation,N/A,Yes,N/A,Jerome McGinty,"brianzenzen@gmail.com
jmcginty@mboutdoor8.com",Chisago County,Harris,Chisago,8/21/2026,8/21/2027
MICRO-L25-000909,Microbusiness,Lake Star LLC,Zota Gardens,Cultivation/Manufacturing,N/A,No,N/A,Gabriel Basham,"lancegomez09@gmail.com
gabe@zotagardens.com",City of Saint Paul,Saint Paul,Ramsey,8/21/2026,3/11/2027
MICRO-L25-000926,Microbusiness,Scoop & Smiles Wholesale and distribution LLC,Scoop & Smiles Wholesale and distribution LLC,Manufacturing,N/A,No,N/A,Adam Yazbeck,adamyazbeck11@gmail.com,City of Ramsey,Ramsey,Anoka,8/21/2026,8/21/2027
MICRO-L25-001308,Microbusiness,"Rick's Dispensary, LLC","Rick's Dispensary, LLC",Retail,No,No,"640 Railroad Drive, Suite# 700 Norwood Young America, MN 55368",Syed Mahmood,"bousiham723@gmail.com
urfi_urfi@yahoo.com",City of Norwood Young America,Norwood Young America,Carver,8/21/2026,8/21/2027
CUL-L24-000021,Cultivator,Midwest Cannabis Cultivation Inc.,Midwest Cannabis Cultivation Inc.,Cultivation,N/A,Yes,N/A,Daniel Bergerson,Mnmetalcoatings@gmail.com,Isanti County,Cambridge,Isanti,8/20/2026,8/20/2027
CUL-L24-000036,Cultivator,"Lakeside Greens, Inc.","Lakeside Greens, Inc.",Cultivation,N/A,Yes,N/A,Jerome McGinty,"nate.browerrealestate@gmail.com
jmcginty@mboutdoor8.com",Chisago County,Harris,Chisago,8/20/2026,8/20/2027
DIS-L24-000241,Retail,My Dealer LLC,My Dealer LLC,Retail,No,Yes,"243 3rd Street N, Bayport, MN 55003",Brandon Van Asten,brandon@mydealermn.com,City of Bayport,Bayport,Washington,8/20/2026,8/20/2027
MICRO-L25-001226,Microbusiness,Frigid Farms LLC,Frigid Farms LLC,Cultivation,N/A,No,N/A,Aaron Onsrud,frigidfarms@gmail.com,City of Corcoran,Corcoran,Hennepin,8/20/2026,8/20/2027
MEZZO-L24-000357,Mezzobusiness,Zonka Farms Inc.,Zonka Farms Inc.,Cultivation,N/A,Yes,N/A,Chris Martin,houseofcardmn@gmail.com,City of Mankato,Mankato,Blue Earth,8/19/2026,8/19/2027
MFR-L25-000037,Manufacturer,evergreen cannabis LLC,evergreen cannabis LLC,Manufacturing,N/A,No,N/A,Hunter Langdon,"anthony.yousif@jarscannabis.com
hunter@cheekyextracts.com",City of Cannon Falls,Cannon Falls,Goodhue,8/19/2026,8/19/2027
EVENT-26-000005,Event Organizer,Legacy Events LLC,Legacy Events LLC,Event Organizer,N/A,No,N/A,Joshua Wilken-Simon,josh@legacy-mn.com,City of Minneapolis,Minneapolis,Hennepin,8/18/2026,9/27/2026
DEL-L25-000025,Delivery Service,Joint Ventures Delivery LLC,Pot on the Spot Delivery,Delivery Service,N/A,No,N/A,Rory Theng,rory.theng@gmail.com,City of Minneapolis,Minneapolis,Hennepin,8/17/2026,8/17/2027
MICRO-L24-000011,Microbusiness,Northwoods Herb LLC,Northwoods Herb LLC,Cultivation,N/A,Yes,N/A,Scott Grossinger,grossinger.scott@gmail.com,Pine County,Hinckley,Pine,8/17/2026,8/17/2027
MICRO-L25-001221,Microbusiness,Barbs Greenery LLC,Barbs Greenery LLC,Cultivation,N/A,No,N/A,Jay Williams,barbsgreenery@gmail.com,Waseca County,Waseca,Waseca,8/17/2026,8/17/2027
MEZZO-L24-000249,Mezzobusiness,"Green Voyager, LLC","Green Voyager, LLC",Cultivation,N/A,Yes,N/A,Jaylen Hisgun,hisgunjaylen26@gmail.com,City of Mankato,Mankato,Blue Earth,8/14/2026,8/14/2027
MEZZO-L25-000007,Mezzobusiness,Minnesota Joint Ventures LLC,Minnesota Joint Ventures LLC,Cultivation,N/A,No,N/A,Andrew Sereno,"rxsully801@yahoo.com
andrew@glaciercanna.com",City of Mankato,Mankato,Blue Earth,8/13/2026,8/13/2027
MICRO-L25-001564,Microbusiness,Earthtone LLC,Earthtone LLC,Cultivation,N/A,No,N/A,Tyler Brown,greenlakefishermen@hotmail.com,Chisago County,Taylors Falls,Chisago,8/13/2026,8/13/2027
DIS-L24-000062,Retail,OUIDHAUS LLC,Super Canna,Retail,Yes,Yes,"5335 E Frontage Road, Rochester, MN 55901",Pamela Kapple,"pamelakapple@mncanna.org
pamela@myappmgmt.com",City of Rochester,Rochester,Olmsted,8/12/2026,10/22/2026
MICRO-L25-000814,Microbusiness,THCHOUSE LLC,THCHOUSE LLC,Manufacturing,N/A,No,N/A,Thomas Andreen,"contact@cbdhousemn.com
contact@thchouse.com",City of Bloomington,Bloomington,Hennepin,8/12/2026,8/12/2027
MICRO-L25-000814,Microbusiness,THCHOUSE LLC,THCHOUSE LLC,Retail,No,No,"2100 W Old Shakopee Road, Bloomington, MN 55431",Thomas Andreen,"contact@cbdhousemn.com
contact@thchouse.com",City of Bloomington,Bloomington,Hennepin,8/12/2026,8/12/2027
MICRO-L25-000948,Microbusiness,Casting Coast Light LLC,Casting Coast Light LLC,Retail,Yes,Yes,"803 18th Ave NW, Austin, MN 55912",Larry Kapple,"Larrykapple@yahoo.com
larry@myappmgmt.com",City of Austin,Austin,Mower,8/12/2026,8/12/2027
MICRO-L25-001301,Microbusiness,Black Ice Companies LLC,Black Ice Companies LLC,Cultivation,N/A,No,N/A,Angela Rosenfeldt,angela.rosenfeldt@gmail.com,City of Moorhead,Moorhead,Clay,8/12/2026,8/12/2027
MICRO-L25-000463,Microbusiness,"Power Plant Cannabis Shop III, LLC","Power Plant Cannabis Shop III, LLC",Cultivation,N/A,No,N/A,Brett Corbin,"micci@mjweisslaw.com
brett@kingallium.com",Wild Rice County,Twin Valley,Wild Rice,8/11/2026,8/11/2027
MICRO-L25-001149,Microbusiness,The Bridge MN LLC,The Bridge MN LLC,Retail,No,No,"366 Bench Street, Taylors Falls, MN 55084",Buck Duncan,duncanbuck0913@gmail.com,City of Taylors Falls,Taylors Falls,Chisago,8/11/2026,8/11/2027
MICRO-L24-000211,Microbusiness,Doctor Dabs Corporation,Dabney's Cannabis Co.,Retail/Manufacturing,No,Yes,"5152 Hiawatha Avenue, Minneapolis, MN 55417",Clemon Dabney,dabne003@gmail.com,City of Minneapolis,Minneapolis,Hennepin,8/10/2026,3/30/2027
MICRO-L25-000622,Microbusiness,High Point Gardens L.L.C.,High Point Gardens L.L.C.,Cultivation,N/A,No,N/A,Joshua Adams,HighPointGardensMN@gmail.com,City of Corcoran,Corcoran,Hennepin,8/10/2026,8/10/2027
MICRO-L25-001166,Microbusiness,IFN LLC,IFN LLC,Cultivation,N/A,No,N/A,Daniel Nourie,danann565@charter.net,City of Mankato,Mankato,Blue Earth,8/10/2026,8/10/2027
CUL-L24-000001,Cultivator,Hill Cultivation Inc.,Hill Cultivation Inc.,Cultivation,N/A,Yes,N/A,Jerome McGinty,"d.hill1993@gmail.com
jmcginty@mboutdoor8.com",Chisago County,Harris,Chisago,8/7/2026,8/7/2027
MICRO-L25-000340,Microbusiness,ACE Cannabis LLC,B52 Cannabis,Cultivation,N/A,No,N/A,David Kunert,dkunert54@gmail.com,City of Mankato,Mankato,Blue Earth,8/7/2026,8/7/2027
DIS-L25-000045,Retail,SARCASTIC AF LLC,Pot Mamas,Retail,No,Yes,"6445 Lake Road Terrace, Unit 100 Woodbury, MN 55125",Erin Pash,"shaynaa13@gmail.com
erin@pot-mamas.com",City of Woodbury,Woodbury,Washington,8/6/2026,12/26/2026
DIS-L25-000258,Retail,Marvel Experience LLC,High Society Dispensary,Retail,No,No,"8045 County Line Road SE, Suite B Delano, MN 55328",Niel Patel,"swlerdahl@gmail.com
niel@flippinbills.com",City of Delano,Delano,Wright,8/6/2026,8/6/2027
MICRO-L25-000475,Microbusiness,Power Plant Cannabis Shop XII LLC,Power Plant Cannabis Shop XII LLC,Cultivation,N/A,No,N/A,Scott Musoff,micci@mjweisslaw.com,City of Mankato,Mankato,Blue Earth,8/6/2026,8/6/2027
MICRO-L25-000478,Microbusiness,Power Plant Cannabis Shop XV LLC,Power Plant Cannabis Shop XV LLC,Cultivation,N/A,No,N/A,Jack Bell,"micci@mjweisslaw.com
jack@kindlymn.com",City of Mankato,Mankato,Blue Earth,8/6/2026,8/6/2027
MICRO-L25-000479,Microbusiness,Power Plant Cannabis Shop XVI LLC,Power Plant Cannabis Shop XVI LLC,Cultivation,N/A,No,N/A,Micah Coppleson,micci@mjweisslaw.com,City of Mankato,Mankato,Blue Earth,8/6/2026,8/6/2027
MICRO-L25-001523,Microbusiness,LimeLine LLC,LimeLine LLC,Cultivation,N/A,No,N/A,Cat Franklin,"shakelamcgee@ymail.com
c7@catherineseven.com",City of Isanti,Isanti,Isanti,8/6/2026,8/6/2027
CUL-L24-000009,Cultivator,"TH3RAPY, Inc.","TH3RAPY, Inc.",Cultivation,N/A,Yes,N/A,Jerome McGinty,"gabbyabby2008@hotmail.com
jmcginty@mboutdoor8.com",Chisago County,Harris,Chisago,8/5/2026,8/5/2027
MICRO-L24-000486,Microbusiness,NEXT LEVEL PRODUCTIONS INC,NEXT LEVEL PRODUCTIONS INC,Cultivation,N/A,Yes,N/A,Thomas Adlesich,t_adlesich@yahoo.com,City of Mankato,Mankato,Blue Earth,8/5/2026,8/5/2027
MICRO-L25-001058,Microbusiness,Precision Processing LLC,Rogue Gardener - Chaska Creek Cannabis,Cultivation,N/A,No,N/A,Koy Payne,koypayne@gmail.com,City of Mankato,Mankato,Blue Earth,8/5/2026,11/14/2026
MICRO-L25-001271,Microbusiness,SparkyMN LLC,Sparky Cannabis Co,Cultivation,N/A,Yes,N/A,Duane Tarjeson,sparky30@hickorytech.net,City of Mankato,Mankato,Blue Earth,8/5/2026,10/10/2026
MICRO-L25-000879,Microbusiness,Mountain Sight Vision LLC,Mountain Sight Vision LLC,Cultivation,N/A,Yes,N/A,Benjamin Kapple,benjamin@myappmgmt.com,City of Jackson,Jackson,Jackson,8/4/2026,8/7/2026
MICRO-L25-000895,Microbusiness,North Circle Seeds,North Circle Seeds,Cultivation,N/A,No,N/A,Zachary Paige,zacharypaige@gmail.com,Otter Tail County,Vergas,Otter Tail,8/4/2026,8/4/2027
MICRO-L25-001541,Microbusiness,RJ Retail LLC,RJ Retail LLC,Cultivation,N/A,No,N/A,Riley Janni,rileybrown478@gmail.com,City of Mankato,Mankato,Blue Earth,8/4/2026,8/4/2027
CUL-L24-000050,Cultivator,KYMN Holdings LLC,KYMN Holdings LLC,Cultivation,N/A,Yes,N/A,John Mackewich,"kendraacho703@yahoo.com
johnmackewich@mackewich.com",Mower County,Le Roy,Mower,8/3/2026,8/3/2027
CUL-L25-000048,Cultivator,EMMN Holdings LLC,EMMN Holdings LLC,Cultivation,N/A,Yes,N/A,John Mackewich,"licensing@mackewich.com
johnmackewich@mackewich.com",Mower County,Le Roy,Mower,8/3/2026,8/3/2027
MEZZO-L24-000306,Mezzobusiness,Medicine Lake Enterprises Inc.,Legacy Cannabis,Retail,No,Yes,"1201 DuPont Avenue N, Minneapolis, MN 55411",Josh Wilken-Simon,jwilkensimon01@gmail.com,City of Minneapolis,Minneapolis,Hennepin,8/3/2026,10/28/2026
MEZZO-L24-000361,Mezzobusiness,Smith Brothers Inc.,Smith Brothers Inc.,Cultivation,N/A,Yes,N/A,Lesley Bruner,"holyholyholy75@gmail.com
Lbruner0128@gmail.com",City of Waseca,Waseca,Waseca,8/1/2026,8/1/2027
CUL-L24-000003,Cultivator,"Best Buds, Inc.","Best Buds, Inc.",Cultivation,N/A,Yes,N/A,Jerome McGinty,"bestbudsinc.mn@gmail.com
jmcginty@mboutdoor8.com",Chisago County,Harris,Chisago,7/31/2026,7/31/2027
CUL-L24-000005,Cultivator,Green Moose Cannabis Co Inc.,Green Moose Cannabis Co Inc.,Cultivation,N/A,Yes,N/A,Jerome McGinty,"Swet.mficc@gmail.com
jmcginty@mboutdoor8.com",Chisago County,Harris,Chisago,7/31/2026,7/31/2027
CUL-L24-000042,Cultivator,JDSJMN LLC,JDSJMN LLC,Cultivation,N/A,Yes,N/A,Jeremy Brown,"jds.sanchez@hotmail.com
jbrown0625mn@gmail.com",Waseca County,Waseca,Waseca,7/31/2026,7/31/2027
MICRO-L25-001549,Microbusiness,MN Dispensary LLC,New Brighton Dispensary,Retail,No,No,"455 Old Highway 8 NW, New Brighton, MN 55112",Ali Albattat,alialbattat91@gmail.com,City of New Brighton,New Brighton,Ramsey,7/31/2026,7/31/2027
CUL-L24-000038,Cultivator,Kaps LLC,Kaps LLC,Cultivation,N/A,Yes,N/A,Josh Kasprzyk,josh@bkrsolutions.com,Chisago County,Harris,Chisago,7/30/2026,7/30/2027
MEZZO-L24-000144,Mezzobusiness,"Bull Durham Farms, Inc.","Bull Durham Farms, Inc.",Cultivation,N/A,Yes,N/A,Jerome McGinty,"lwd2295@yahoo.com
jmcginty@mboutdoor8.com",Chisago County,Harris,Chisago,7/30/2026,7/30/2027
MEZZO-L24-000216,Mezzobusiness,"Clearwater 60, Inc.","Clearwater 60, Inc.",Cultivation,N/A,Yes,N/A,Jerome McGinty,"clearwater60ln@gmail.com
jmcginty@mboutdoor8.com",Chisago County,Harris,Chisago,7/30/2026,7/30/2027
MEZZO-L24-000300,Mezzobusiness,"Swerve Farms, LLC",MnLooN,Retail,No,Yes,"8337 210th Street W, Lakeville, MN 55044",Christopher Wenzel,SwerveBeverages@gmail.com,City of Lakeville,Lakeville,Dakota,7/30/2026,2/10/2027
MICRO-L24-000333,Microbusiness,Blue Ox Cannabis Company LLC,Blue Ox Cannabis Company LLC,Retail,No,Yes,"1112 Jackson Avenue, Detroit Lakes, MN 56501",Michael Mund,kingofthetrout@yahoo.com,City of Detroit Lakes,Detroit lakes,Becker,7/30/2026,7/30/2027
MICRO-L25-000860,Microbusiness,TomJack LLC,Jazz Cabbage,Retail,No,No,"249 7th Street E, Saint Paul, MN 55101",John Whaley,john.whaley444@gmail.com,City of Saint Paul,Saint Paul,Ramsey,7/30/2026,7/30/2027
MICRO-L25-001282,Microbusiness,10000 Lakes Cannabis Company LLC,10000 Lakes Cannabis Company LLC,Retail,No,No,"202 S Minnesota Avenue, Saint Peter, MN 56082",Benjamin Ranft,benranft@gmail.com,City of Saint Peter,Saint Peter,Nicollet,7/30/2026,7/30/2027
WHLS-L25-000043,Wholesaler,Smiley L.L.C.,Smiley L.L.C.,Wholesaler,N/A,No,N/A,Zahira Aqel,smileyincmn@gmail.com,City of Blaine,Blaine,Anoka,7/29/2026,7/29/2027
MICRO-L25-001010,Microbusiness,Arborist Initiative LLC,Arborist Initiative LLC,Cultivation/Manufacturing,N/A,No,N/A,Cameron Malia,"cam.malia92@gmail.com
arboristinitiativellc@gmail.com",City of Pine City,Pine City,Pine,7/27/2026,7/27/2027
MDCMB-L25-000002,Medical Cannabis Combination Business,Vireo Health of Minnesota LLC,Green Goods,Cultivation/Manufacturing,N/A,No,N/A,Alexandra Breant,"ambershimpa@vireohealth.com
alexandrabreant@vireohealth.com",City of Elk River,Elk River,Sherburne,7/24/2026,9/15/2026
MICRO-L25-000351,Microbusiness,Northern Dispensary LLC,Northern Dispensary,Retail,No,Yes,"8101 34th Avenue S, Suite# 100 Bloomington, MN 55425",Cody Jerzak,"jjerzak11@gmail.com
cody@northerndispensaryllc.com",City of Bloomington,Bloomington,Hennepin,7/24/2026,7/24/2027
MICRO-L25-000523,Microbusiness,Irie Cannabis LLC,Irie Cannabis Dispensary,Retail,No,Yes,"5 E 38th Street, Minneapolis, MN 55409",Zachary Johnson,"tntbusinessinc@gmail.com
info@mplsdistro.com",City of Minneapolis,Minneapolis,Hennepin,7/24/2026,7/24/2027
CUL-L24-000012,Cultivator,"Cedar County Botanicals, Inc.","Cedar County Botanicals, Inc.",Cultivation,N/A,Yes,N/A,Benny Brower,bennybrower@gmail.com,Chisago County,Harris,Chisago,7/23/2026,7/23/2027
MICRO-L25-001402,Microbusiness,Larsen Gardens LLC,Larsen Gardens LLC,Cultivation,N/A,No,N/A,Chad Kranebell,larsengardensllc@gmail.com,Olmsted County,Rochester,Olmsted,7/23/2026,7/23/2027
MICRO-L25-001410,Microbusiness,Redtail Ridge Cannabis LLC,Redtail Ridge Cannabis LLC,Cultivation,N/A,No,N/A,Chad Kranebell,RedTailRidgeCannabis@gmail.com,Olmsted County,Rochester,Olmsted,7/23/2026,7/23/2027
MICRO-L25-001475,Microbusiness,Your CBD Store LLC,THE ZEN POT,Retail,No,No,"403 Highway 55 NE, Suite A Buffalo, MN 55313",Julie Harvey,julie.harvey@rocketmail.com,City of Buffalo,Buffalo,Wright,7/23/2026,7/23/2027
CUL-L24-000049,Cultivator,CYMN Holdings LLC,CYMN Holdings,Cultivation,N/A,Yes,N/A,John Mackewich,"ChrisYerm@icloud.com
johnmackewich@mackewich.com",Mower County,Le Roy,Mower,7/22/2026,7/22/2027
MICRO-L24-000481,Microbusiness,Canna Gemz LLC,Canna Gemz LLC,Retail,No,Yes,"5005 University Avenue NE, Columbia Heights, MN 55421",Cameron Perket,"cannagemz@gmail.com
cameron@cannagemz.com",City of Columbia Heights,Columbia Heights,Anoka,7/22/2026,7/22/2027
MICRO-L25-000638,Microbusiness,Hempire LLC,Hempire LLC,Cultivation,N/A,No,N/A,Shelly Buchanan,slbuchananrn@gmail.com,Fillmore County,Spring Valley,Fillmore,7/22/2026,2/4/2027
DIS-L25-000004,Retail,Best Dispensary Near Me LLC,Spark Minnesota,Retail,No,Yes,"205 Central Avenue N, Milaca, MN 56353",Amber Kent,"bestdispensarynearme@gmail.com
sparkminnesota@gmail.com",City of Milaca,Milaca,Mille Lacs,7/21/2026,7/21/2027
MICRO-L25-000592,Microbusiness,"The Herbal Care, LLC","The Herbal Care, LLC",Retail,Yes,No,"1506 11th Street N, Moorhead, MN 56560",Markel Bababekov,seventhavecleaning@gmail.com,City of Moorhead,Moorhead,Clay,7/21/2026,7/21/2027
MICRO-L24-000062,Microbusiness,Viking Green LLC,Viking Green LLC,Cultivation,N/A,No,N/A,Jeremy Hostrup,"jeni@vikinggreen.net
jeremy@vikinggreen.net",Kittson County,Lancaster,Kittson,7/20/2026,7/20/2027
MICRO-L25-000897,Microbusiness,Super Farm LLC,Super Farm LLC,Cultivation,N/A,Yes,N/A,Ryan Strand,ryan.strand05@gmail.com,Olmsted County,Rochester,Olmsted,7/20/2026,7/20/2027
MICRO-L25-001388,Microbusiness,High Hill Cannabis LLC,High Hill Cannabis LLC,Cultivation,N/A,No,N/A,Chad Kranebell,"adameide8@gmail.com
chad@cannaparkmn.com",Olmsted County,Rochester,Olmsted,7/20/2026,7/20/2027
MICRO-L25-000841,Microbusiness,NPOTS LLC,NPOTS LLC,Cultivation,N/A,No,N/A,Frank Little,frankdl3@yahoo.com,City of Mankato,Mankato,Blue Earth,7/17/2026,7/17/2027
MICRO-L25-001453,Microbusiness,Mary Jane's Dispensary LLC,Mary Jane's Dispensary LLC,Retail,No,No,"21564 MN-78, Battle Lake, MN 56515",Todd Larson,tlarson56368@gmail.com,Clitherall Township,Battle Lake,Otter Tail,7/17/2026,7/17/2027
MEZZO-L24-000170,Mezzobusiness,ROLLING FIELDS FARMS LLC,ROLLING FIELDS FARMS LLC,Cultivation,N/A,Yes,N/A,Amber Anderson,Rollingfieldsfarms@gmail.com,Carlton County,Wright,Carlston,7/16/2026,7/10/2027
MICRO-L25-000432,Microbusiness,Natures Path LLC,Natures Path LLC,Cultivation,N/A,No,N/A,Cullen Hirsch,"akhil.alugupalli@gmail.com
chtwineagles@hotmail.com",Steele County,Medford,Steele,7/16/2026,7/16/2027
MICRO-L25-000465,Microbusiness,Pure Jade LLC,Pure Jade LLC,Cultivation/Manufacturing,N/A,No,N/A,Shane Krahn,shane@purejademn.com,City of Mankato,Mankato,Blue Earth,7/16/2026,7/16/2027
MICRO-L25-001055,Microbusiness,B & D Cannabis,B & D Cannabis,Retail,No,Yes,"410 Main Street W, Suite# 100 New Prague, MN 56071",Blake Rothnem,blakerothnem@msn.com,City of New Prague,New Prague,Scott,7/16/2026,7/16/2027
MICRO-L25-000836,Microbusiness,KOC Industries LLC,Voyager Cannabis Co,Cultivation,N/A,Yes,N/A,John Dinse,john.dinse1@gmail.com,City of Mankato,Mankato,Blue Earth,7/15/2026,9/10/2026
MEZZO-L24-000135,Mezzobusiness,Skyco LLC,Skycare,Cultivation,N/A,Yes,N/A,Skylar Peterson,skylaranton2@gmail.com,Kanabec County,Braham,Kanabec,7/10/2026,7/10/2027
MEZZO-L24-000170,Mezzobusiness,Rolling Field Farms LLC,Dirty Flamingo Cannabis Company,Retail,No,Yes,"3094 White Bear Avenue, Maplewood, MN 55109",Amber Anderson,Rollingfieldsfarms@gmail.com,City of Maplewood,Maplewood,Ramsey,7/10/2026,7/10/2027
MICRO-L25-001223,Microbusiness,North Star Studio LLC,North Star Studio LLC,Cultivation,N/A,No,N/A,Derrick Strouss,"ejbroich@gmail.com
dmstrouss@yahoo.com",Mille Lacs County,Milaca,Mille Lacs,7/10/2026,7/10/2027
CUL-L25-000038,Cultivator,Lush Leaf MN LLC,Lush Leaf MN LLC,Cultivation,N/A,No,N/A,John Mackewich,"ronnie.kassab@jarscannabis.com
johnmackewich@mackewich.com",Mower County,Le Roy,Mower,7/9/2026,7/9/2027
MICRO-L24-000358,Microbusiness,Twilight Sun LLC,Twilight Sun LLC,Retail,Yes,Yes,"1439 W Lake Street, Minneapolis, MN 55408",Elias Russell,"terryjogene@gmail.com
erussell@jgmproperties.com",City of Minneapolis,Minneapolis,Hennepin,7/9/2026,7/9/2027
MICRO-L25-000913,Microbusiness,Weka Weka LLC,Weka Weka LLC,Retail,No,No,"4145 Hiawatha Avenue, Minneapolis, MN 55406",Bryan Longville,"ranellek@gmail.com
info@levitateddisp.com",City of Minneapolis,Minneapolis,Hennepin,7/9/2026,7/9/2027
MICRO-L25-000418,Microbusiness,Elevate Botanicals LLC,Elevate Botanicals LLC,Cultivation/Manufacturing,N/A,No,N/A,Joshua Colton,"youngboy25@mail.com
Joshua.colton@jcoltonlegal.com",Pine County,Willow River,Pine,7/7/2026,7/7/2027
WHLS-L25-000008,Wholesaler,"Fresh Fields Cannabis, LLC",Fresh Fields,Wholesaler,N/A,No,N/A,Brandon Tolliver,"gerardsc62@outlook.com
Tollie@teamiconusa.com",City of Minnetonka,Minnetonka,Hennepin,7/7/2026,7/7/2027
MEZZO-L24-000174,Mezzobusiness,"Green Owl Cannabis, LLC",MN Roots Elk River Dispensary,Retail,No,Yes,"18157 Carson Course NW, Suite# B Elk River, MN 55330",Curtis White,CLWhite@libbylawoffice.com,City of Elk River,Elk River,Sherburne,7/6/2026,7/6/2027
MICRO-L24-000569,Microbusiness,TruFarms LLC,TruFarms LLC,Manufacturing,N/A,Yes,N/A,Quinton Jones,customerservice@trufarms.net,City of Eden Prairie,Eden Prairie,Hennepin,7/6/2026,7/6/2027
MICRO-L25-000991,Microbusiness,Finnegan's Farm LLC,Finnegan's Farm LLC,Cultivation,N/A,No,N/A,Kelly Finnegan,"finnegansfarmproduce@gmail.com
kpep4615@gmail.com",Lake County,Two Harbors,Lake,7/6/2026,7/6/2027
MICRO-L25-000998,Microbusiness,Sota Sown LLC,Sota Sown LLC,Retail,No,No,"22321 Highway 10 Hawley, MN 56549",Jessica Greene,"codyericksonfarms@gmail.com
jess.sotasown@gmail.com",Clay County,Hawley,Clay,7/6/2026,7/6/2027
MICRO-L25-000488,Microbusiness,Liit LLC,Liit LLC,Cultivation,N/A,No,N/A,Brian Robson,robson.brian@yahoo.com,Wabasha County,Kellogg,Wabasha,7/2/2026,7/2/2027
MICRO-L25-001470,Microbusiness,Cabin Fever Co.,Cabin Fever Cannabis,Retail,No,No,"517 Minnesota Avenue W, Walker, MN 56484",Trenton Beyer,infobnv@proton.me,City of Walker,Walker,Cass,7/2/2026,2/5/2027
MICRO-L25-001526,Microbusiness,Cannaworld,Cannaworld,Manufacturing,N/A,Yes,N/A,Joshua Sinning,"Stpmcdo@yahoo.com
joshuasinning@gmail.com",Douglas County,Alexandria,Douglas,7/2/2026,7/2/2027
MICRO-L25-000864,Microbusiness,Minnissippi Flower Company LLC.,Minnissippi Flower Company LLC.,Cultivation,N/A,No,N/A,John Carlson,"thomas.j.carlson31@gmail.com
john@carlsonandjones.com",City of Annandale,Annandale,Wright,7/1/2026,7/1/2027
MICRO-L25-001229,Microbusiness,Budding Acres LLC,Budding Acres LLC,Cultivation,N/A,No,N/A,Megan Hinrichs,mmhinrichs20@gmail.com,Isanti County,Isanti,Isanti,7/1/2026,7/1/2027
MICRO-L25-000402,Microbusiness,Lucky Buds LLC,Lucky Buds LLC,Cultivation,N/A,Yes,N/A,Kathryn Blanchard,luckybudsmn@gmail.com,Isanti County,Isanti,Isanti,6/30/2026,6/30/2027
MICRO-L25-000977,Microbusiness,MUNCHIEZ CANNABIS MN LLC,MUNCHIEZ CANNABIS MN LLC,Retail,No,No,"1670 White Bear Avenue N, Saint Paul, MN 55106",Alalaye Adebo,munchiezcannabis@gmail.com,City of Saint Paul,Saint Paul,Ramsey,6/30/2026,6/30/2027
DEL-L24-000125,Delivery Service,Dank Session Delivery LLC,Dank Session Delivery LLC,Delivery Service,N/A,Yes,N/A,Andrew Maxwell,amaxwell@danksession.com,City of Bloomington,Bloomington,Hennepin,6/29/2026,6/29/2027
CUL-L24-000041,Cultivator,canna social LLC,BSD Labs,Cultivation,N/A,Yes,N/A,Mathew Little,mathew.little83@gmail.com,City of Mankato,Mankato,Blue Earth,6/26/2026,6/26/2027
MICRO-L25-001513,Microbusiness,Lake Laughs,Hi Cloud,Retail,No,No,"300 Belgrade Avenue, North Mankato, MN 56003",Madeline Peck,maddiepeck25@gmail.com,City of Mankato,North Mankato,Nicollet,6/26/2026,6/26/2027
CUL-L24-000052,Cultivator,"MVCC Le Sueur, LLC","MVCC Le Sueur, LLC",Cultivation,N/A,Yes,N/A,Cullen Leapaldt,"rsteffens@gmail.com
cleapaldt0622@hotmail.com",City of Winnebago,Winnebago,Faribault,6/25/2026,6/25/2027
MEZZO-L25-000014,Mezzobusiness,Blom Inc,Blom Inc,Retail/Manufacturing,No,No,"4024 Peavey Road, Chaska, MN 55318",Martin Stern,"edward.aaron.cohen@gmail.com
martin@blom.inc",City of Chaska,Chaska,Carver,6/24/2026,6/24/2027
MICRO-L24-000028,Microbusiness,Munch Cannabis Company L.L.C.,Munch Cannabis Company L.L.C.,Retail/Cultivation,No,Yes,"25246 Rice Road, Hinckley, MN 55037",Eric Welton,anokamnman@yahoo.com,Pine County,Hinckley,Pine,6/24/2026,6/24/2027
MICRO-L24-000288,Microbusiness,Bogside Growers LLC,Bogside Growers LLC,Cultivation,N/A,Yes,N/A,Marie Willms,marielynwillms@gmail.com,Becker County,Audubon,Becker,6/24/2026,6/24/2027
MICRO-L25-000333,Microbusiness,LMNO Dispensary LLC,LMNO Dispensary LLC,Retail,Yes,No,"102 E Grove Street, Caledonia, MN 55921",Adam Steele,"aca-prod.accela.com@adambha.com
adam@lmnodispensary.com",City of Caledonia,Caledonia,Houston,6/24/2026,6/24/2027
MICRO-L25-000469,Microbusiness,"TRA4, LLC",Randolph's Cannabis Reserve,Retail,No,No,"675 Randolph Avenue, Saint Paul, MN 55102",Lyle Gillson,"micci@mjweisslaw.com
lyle@randolphsreserve.com",City of Saint Paul,Saint Paul,Ramsey,6/24/2026,6/24/2027
MICRO-L25-001309,Microbusiness,"TSB, INC.","TSB, INC.",Retail,No,No,"1321 Center Avenue, Moorhead, MN 56560",Todd Byczek,toddbyczek@hotmail.com,City of Moorhead,Moorhead,Clay,6/24/2026,6/24/2027
MICRO-L24-000012,Microbusiness,Green Hub LLC,Green Hub LLC,Cultivation,N/A,Yes,N/A,Seth Brown,greenhub541@gmail.com,Houston County,Houston,Houston,6/23/2026,6/23/2027
MICRO-L24-000450,Microbusiness,The Grass Company L.L.C.,The Grass Company L.L.C.,Cultivation,N/A,Yes,N/A,Andrew Huttner,ajhuttner@yahoo.com,Becker County,Spruce Grove,Becker,6/22/2026,6/22/2027
MICRO-L25-000567,Microbusiness,Stoner's Choice LLC,Stoner's Choice LLC,Retail,No,No,"317 Central Avenue N, Faribault, MN 55021",Ashraf Sarameh,ashraf.sarameh@yahoo.com,City of Faribault,Faribault,Faribault,6/22/2026,6/22/2027
DEL-L24-000150,Delivery Service,Greenline Distribution LLC,Greenline Distribution LLC,Delivery Service,N/A,Yes,N/A,Yevgeniy Akselrod,aksel001@gmail.com,City of Minneapolis,Minneapolis,Hennepin,6/19/2026,6/19/2027
CUL-L24-000016,Cultivator,WeCan Cultivation Inc,WeCan Cultivation Inc,Cultivation,N/A,Yes,N/A,Nicholas Simon,nicholas.w.simon.1@gmail.com,City of Saint Joseph,Saint Joseph,Stearns,6/18/2026,6/18/2027
DEL-L25-000065,Delivery Service,Chronic Delivery LLC,Chronic Delivery LLC,Delivery Service,N/A,No,N/A,Jason Axelson,jason_axelson@outlook.com,City of Detroit Lakes,Detroit lakes,Becker,6/18/2026,6/18/2027
MICRO-L25-000427,Microbusiness,Green Leafs LLC,Green Leafs LLC,Retail,No,No,"2021 S Broadway Street, Suite# 2021 New Ulm, MN 56087",Sammy Sarameh,sammysarameh6@gmail.com,City of New Ulm,New Ulm,Brown,6/18/2026,6/18/2027
TRN-L24-000005,Transporter,Magic Touch Transportation LLC,Magic Touch Transportation,Transporter,N/A,Yes,N/A,Jessica Crowe,"danicrowe95@gmail.com
jessicacrowe95@gmail.com",City of Winnebago,Winnebago,Faribault,6/18/2026,6/18/2027
MICRO-L24-000236,Microbusiness,MARI J CREATIVES LLC,American Made Cannabis,Retail,No,Yes,"162 E 3rd Street, Winona, MN 55987",Andregina Gomez,"andregina.gomez0127@gmail.com
gina@americanmadecannabis.us",City of Winona,Winona,Winona,6/17/2026,6/17/2027
EVENT-26-000004,Event Organizer,Healing Fear Consulting LLC,MN Growers Ball LLC,Event Organizer,N/A,No,N/A,Kayla Fearing,MNGrowersBall@gmail.com,City of Saint Paul,Saint Paul,Ramsey,6/16/2026,End Date of Event 06/19/2026
MICRO-L25-000350,Microbusiness,Great Northern Greens LLC,Great Northern Greens LLC,Retail,No,No,"1100 Riverwood Drive, Burnsville, MN 55337",Rachael Pickett Theel,rptheel33@gmail.com,City of Burnsville,Burnsville,Dakota,6/16/2026,6/16/2027
MICRO-L25-000673,Microbusiness,Verde Light LLC,Eagan Canna,Retail,Yes,No,"2075 Cliff Road, Eagan, MN 55122",Hayley Lydig,hayley@myappmgmt.com,City of Eagan,Eagan,Dakota,6/16/2026,6/16/2027
MICRO-L25-001135,Microbusiness,Monday Park LLC,ST LOUIS PARK CANNA,Retail,Yes,Yes,"5690 W 36th Street, St. Louis Park, MN 55416",William Kapple,william@myappmgmt.com,City of Saint Louis Park,Saint Louis Park,Hennepin,6/16/2026,6/16/2027
MICRO-L24-000302,Microbusiness,On The Fly Coporation,On The Fly Coporation,Cultivation,N/A,Yes,N/A,Ray Mulvey,mulveyray@msn.com,Isanti County,Princeton,Isanti,6/15/2026,6/15/2027
MICRO-L24-000311,Microbusiness,Frost Leaf L.L.C.,Frost Leaf L.L.C.,Cultivation,N/A,Yes,N/A,Anthony Kretsch,anthony@frostleafmn.com,City of Watertown,Watertown,Carver,6/15/2026,6/15/2027
MICRO-L25-000931,Microbusiness,Tamarack Enterprises Corporation,Stinky Petes,Retail,No,No,"134 Sheridan Street W, Ely, MN 55731",Julia Petrzilka,oniontwo@gmail.com,City of Ely,Ely,Saint Louis,6/12/2026,6/12/2027
MICRO-L25-001080,Microbusiness,Sugarleaf LLC,Sugarleaf LLC,Retail,No,No,"72 E 3rd Street, Winona, MN 55987",Ryne Ryshavy,sugarleafdispo@gmail.com,City of Winona,Winona,Winona,6/12/2026,6/12/2027
MICRO-L25-001565,Microbusiness,FlowerSpot LLC,FlowerSpot LLC,Cultivation,N/A,No,N/A,Eric Heffron,e.heff@icloud.com,Chisago County,Taylors Falls,Chisago,6/11/2026,6/11/2027
MICRO-L25-000608,Microbusiness,Unwind MN LLC,Unwind MN LLC,Cultivation/Manufacturing,N/A,No,N/A,Theresa Sorenson,theresa@unwindmoorhead.com,City of Moorhead,Moorhead,Clay,6/10/2026,1/28/2027
DIS-L24-000039,Retail,Mohamed Shawky DBA Sufic Sorcery,The Joint Dispensary,Retail,Yes,Yes,"3496 Shoreline Drive, Wayzata, MN 55391",Mohamed Shawky,shawky13@gmail.com,City of Orono,Wayzata,Hennepin,6/9/2026,6/9/2027
MEZZO-L24-000211,Mezzobusiness,MB 08 Inc.,Float Cannabis Company,Cultivation,N/A,Yes,N/A,Jordan Kilian,jordankilian@gmail.com,City of Rochester,Rochester,Olmsted,6/9/2026,6/9/2027
MICRO-L25-001266,Microbusiness,Nuggets dispensary LLC,Nuggets dispensary LLC,Retail,No,No,"30581 Patriot Avenue Suite 1, Pequot Lakes, MN 56472",Heather Ingman,nuggetsdispensary@gmail.com,City of Pequot Lakes,Pequot Lakes,Crow Wing,6/9/2026,6/9/2027
DIS-L24-000274,Retail,Kaine Collective LLC,Kaine Collective LLC,Retail,No,Yes,"3920 Old Shakopee Road W, Bloomington, MN 55437",Erin Kaine,erinkaine94@gmail.com,City of Bloomington,Bloomington,Hennepin,6/8/2026,6/8/2027
MICRO-L24-000015,Microbusiness,Colonel & Claffey Cannabis Company LLC,Colonel & Claffey Cannabis Company LLC,Cultivation,N/A,Yes,N/A,Katie Claffey,info@colonelandclaffeycannabis.com,City of Cannon Falls,Cannon Falls,Goodhue,6/8/2026,6/8/2027
MICRO-L24-000454,Microbusiness,West Central Cannabis LLC,West Central Cannabis LLC,Cultivation,N/A,Yes,N/A,Gregory Decathelineau,gregdecat@yahoo.com,Swift County,Appleton,Swift,6/8/2026,6/8/2027
DIS-L24-000408,Retail,Wildflower Cannabis,Wildflower Cannabis,Retail,No,Yes,"520 N Broadway, Pelican Rapids, MN 56572",Danielle Royer,daniroyer5@gmail.com,City of Pelican Rapids,Pelican Rapids,Otter Tail,6/5/2026,6/5/2027
MICRO-L24-000347,Microbusiness,Traditional Market LLC,Traditional Market LLC,Retail,Yes,Yes,"513 Central Avenue NE, Minneapolis, MN 55413",Elias Russell,"SBYRNES151@gmail.com
ERussell@jgmproperties.com",City of Minneapolis,Minneapolis,Hennepin,6/5/2026,6/5/2027
MICRO-L25-000912,Microbusiness,Mary Pot'ins LLC,Mary Pot'ins LLC,Retail,No,No,"12990 1st Street, Becker, MN 55308",Mary Wedin,"jswmarketing2023@gmail.com
wedin911@gmail.com",City of Becker,Becker,Sherburne,6/5/2026,6/5/2027
MICRO-L25-001401,Microbusiness,"Full Spectrum Wellness, LLC",Full Spectrum Dispensary,Retail,No,No,"235 E Frazee Avenue, Vergas, MN 56587",Kyle Theisen,theisen.kyle@gmail.com,City of Vergas,Vergas,Otter Tail,6/4/2026,6/4/2027
MICRO-L25-001594,Microbusiness,Lakeview Leaf L.L.C.,The Greenhouse Cannabis Company,Retail,No,No,"508 Lake Street S, Forest Lake, MN 55025",Kelly Roberts,kelly@sendoff.co,City of Forest Lake,Forest Lake,Washington,6/4/2026,6/4/2027
MICRO-L25-000507,Microbusiness,Bake's,Bake's,Cultivation,N/A,Yes,N/A,Zachery Tiedeman,"alexander.rapelje@gmail.com
zach.tiedeman@bakescultivation.com",City of Moorhead,Moorhead,Clay,6/3/2026,6/3/2027
MICRO-L25-001583,Microbusiness,Summer Leaf L.L.C.,VELVET LEAF DISPENSARY,Retail,No,No,"3324 Hwy 10 E, Moorhead, MN 56560",Summar Waz,summerw2019@gmail.com,City of Moorhead,Moorhead,Clay,6/1/2026,6/1/2027
MICRO-L25-000394,Microbusiness,The Smoke Shop 763 LLC,The Smoke Shop Cannabis Dispensary,Retail,No,No,"11135 61st Street NE, Albertville, MN 55301",Felix Langford,TSSCannabisDispensary@gmail.com,City of Albertville,Albertville,Wright,5/29/2026,5/29/2027
MICRO-L25-000443,Microbusiness,Paradise Solution Management L.L.C.,High Horse Farms,Cultivation,N/A,No,N/A,Matthew Paradise,highhorsefarmsmn@gmail.com,City of Nowthen,Nowthen,Anoka,5/29/2026,5/29/2027
MICRO-L25-001351,Microbusiness,Mary Jane Hut LLC,Mary Jane Hut LLC,Retail,No,No,"121 Union Street S, Mora, MN 55051",Thamer Bandar,dandeliontobacco@gmail.com,City of Mora,Mora,Kanabec,5/26/2026,5/26/2027
MEZZO-L24-000185,Mezzobusiness,Gopher State Ganja LLC,MN Roots Hutchinson Dispensary,Retail,Yes,Yes,"48 Main Street S, Hutchinson, MN 55350",Billy Parker,bjparker2024@outlook.com,City of Hutchinson,Hutchinson,McLeod,5/22/2026,2/19/2027
MICRO-L25-000498,Microbusiness,NBS Supply Co.,Go4 Cannabis Co.,Retail,No,No,"7114 Otter Lake Road, Lino Lakes, MN 55038",Nicole Salak,Go4Cannabis@gmail.com,City of Lino Lakes,Lino Lakes,Anoka,5/22/2026,5/22/2027
MICRO-L25-000908,Microbusiness,HLR LLC,Cheeky Winona,Retail,No,No,"850 Menard Road, Winona, MN 55987",Laimonas Rimkus,laimis@cheekyextracts.com,City of Winona,Winona,Winona,5/22/2026,5/22/2027
MICRO-L25-000938,Microbusiness,KK Green Discovery LLC,Rochester Canna,Retail,Yes,No,"221 28th Street SE, Suite# 400-500 Rochester, MN 55904",Katlen Kim,"katlenkim@gmail.com
katlen@myappmgmt.com",City of Rochester,Rochester,Olmsted,5/22/2026,5/22/2027
MICRO-L25-001293,Microbusiness,PACK LLC,Marawanna,Retail,No,No,"5491 Adams Street, Suite# 100 Mounds View, MN 55112",Peter Schmidt,peter.schmidt@marawanna.org,City of Mounds View,Mounds View,Ramsey,5/22/2026,5/22/2027
TF-L25-000009,Testing Facility,PHYTOLAB MN LLC,PhytoLab MN,Testing Facility,N/A,No,N/A,William Solomon,casey@phytolabmn.com,City of Chisago City,Chisago City,Chisago,5/22/2026,5/22/2027
MICRO-L25-001270,Microbusiness,Inhale North LLC,Inhale North LLC,Cultivation,N/A,No,N/A,Michelle Schwab,shellyschwab@gmail.com,Cass County,Hackensack,Cass,5/21/2026,5/21/2027
MEZZO-L24-000072,Mezzobusiness,Loon Lettuce Inc,Loon Lettuce Inc,Retail,No,Yes,"603 Esch Dr. Caledonia, MN 55921",Brent Welch,brent@treehuggerscannabis.com,City of Caledonia,Caledonia,Houston,5/19/2026,5/19/2027
MICRO-L25-000902,Microbusiness,Theory Wellness of MN LLC,Theory Wellness of MN LLC,Retail/Cultivation/Manufacturing,No,No,"1915 Suburban Avenue, Saint Paul, MN 55119",James Judge,"nick@theorywellness.org
judge@theorywellness.org",City of Saint Paul,Saint Paul,Ramsey,5/15/2026,5/15/2027
MICRO-L25-000541,Microbusiness,Minny Grown Cannabis Company LLC,Minny Grown Cannabis Company LLC,Cultivation/Manufacturing,N/A,No,N/A,Zachary Rohr,zach@minnygrown.com,City of Cannon Falls,Cannon Falls,Goodhue,5/13/2026,5/13/2027
MEZZO-L24-000260,Mezzobusiness,JDMN Holdings LLC,No Coast Wellness,Retail,No,Yes,"501 1st Avenue NE, Minneapolis, MN 55413",John Mackewich,"dotsonjusmc@gmail.com
johnmackewich@mackewich.com",City of Minneapolis,Minneapolis,Hennepin,5/12/2026,3/23/2027
MICRO-L25-000611,Microbusiness,The Carver Cannabis Company,The Vault,Retail/Cultivation,No,No,"4110 Main Street, Saint Bonifacius, MN 55375",Christopher Dana,chris@carvercreamery.com,City of Saint Bonifacius,Saint Bonifacius,Hennepin,5/12/2026,5/12/2027
TRN-L25-000039,Transporter,BuzzFarm LLC,BuzzFarm LLC,Transporter,N/A,No,N/A,Benjamin Johnson,buzzfarm@gmail.com,City of Ramsey,Ramsey,Anoka,5/12/2026,5/12/2027
EVENT-26-000002,Event Organizer,Social AF LLC,Social AF Agency,Event Organizer,N/A,No,N/A,Dylan Ohm,mariesa@socialafagency.com,City of Minneapolis,Minneapolis,Hennepin,5/8/2026,5/18/2026
MICRO-L25-000331,Microbusiness,Stony Creek LLC,Stony Creek LLC,Cultivation,N/A,No,N/A,Adam Carlson,stonycreekbaker@gmail.com,City of Moorhead,Moorhead,Clay,5/7/2026,5/7/2027
MICRO-L25-000702,Microbusiness,HighRx LLC,HighRx LLC,Retail,No,No,"8300 University Avenue NE, Suite# 200 Fridley, MN 55432",Jerry Vang,highrxllc@gmail.com,City of Fridley,Fridley,Anoka,5/1/2026,5/1/2027
MICRO-L25-000815,Microbusiness,SPACE OUT THC LLC,SPACE OUT THC LLC,Retail,No,No,"7610 University Avenue NE, Fridley, MN 55432",Yamen Haidari,yamenhaidari@gmail.com,City of Fridley,Fridley,Anoka,5/1/2026,5/1/2027
TRN-L25-000051,Transporter,CRC Group LLC,CRC Group LLC,Transporter,N/A,No,N/A,Chad Woolson,chad.woolson@crcgp.com,City of Blaine,Blaine,Anoka,5/1/2026,5/1/2027
WHLS-L25-000032,Wholesaler,CRC Group LLC,CRC Group LLC,Wholesaler,N/A,No,N/A,Chad Woolson,chad.woolson@crcgp.com,City of Blaine,Blaine,Anoka,5/1/2026,5/1/2027
MICRO-L24-000063,Microbusiness,Hmp LLC,Watchtower Dispensary,Retail,No,Yes,"3400 University Avenue SE, Minneapolis, MN 55414",Zachary Kenning,Zak@farmhmp.com,City of Minneapolis,Minneapolis,Hennepin,4/30/2026,10/3/2026
MICRO-L25-000790,Microbusiness,H.O.B.O.T.E. LLC,H.O.B.O.T.E. LLC,Cultivation/Manufacturing,N/A,No,N/A,Melissa Hurtado,hobotellc@gmail.com,Otter Tail County,Sebeka,Otter Tail,4/30/2026,4/30/2027
TRN-L24-000011,Transporter,Greenline Distribution LLC,Greenline Distribution LLC,Transporter,N/A,Yes,N/A,Yevgeniy Akselrod,aksel001@gmail.com,City of Minneapolis,Minneapolis,Hennepin,4/24/2026,4/24/2027
WHLS-L24-000008,Wholesaler,Greenline Distribution LLC,Greenline Distribution LLC,Wholesaler,N/A,Yes,N/A,Yevgeniy Akselrod,aksel001@gmail.com,City of Minneapolis,Minneapolis,Hennepin,4/24/2026,4/24/2027
MICRO-L24-000426,Microbusiness,Do Be Kind LLC,Do Be Kind,Retail,No,Yes,"215 S Chestnut Street, La Crescent, MN 55947",Donald Weber,mweber@dobekind.com,City of La Crescent,La Crescent,Houston,4/23/2026,4/23/2027
MICRO-L24-000538,Microbusiness,The Grey Area LLC,The Grey Area LLC,Retail,No,Yes,"1330 Grand Avenue, Saint Paul, MN 55105",William Drexler III,greyareacannabismn@gmail.com,City of Saint Paul,Saint Paul,Ramsey,4/22/2026,4/22/2027
MICRO-L25-001298,Microbusiness,True North Greens L.L.C,Spring Lake Park Dispensary,Retail,No,No,"8478 Central Avenue NE, Spring Lake Park, MN 55432",Mutaz Amro,mutazamro191@gmail.com,City of Spring Lake Park,Spring Lake Park,Anoka,4/22/2026,4/22/2027
MICRO-L25-000370,Microbusiness,"DARKSTAR, LLC",Kind Bud Cannabis Company,Cultivation,N/A,No,N/A,L Michael Sayre,msayre68@gmail.com,City of Watertown,Watertown,Carver,4/21/2026,4/21/2027
MICRO-L25-000555,Microbusiness,Hyland Company LLC,Flowerz Cannabis Co.,Retail,No,No,"1464 Saint Clair Avenue, Suite# 102 Saint Paul, MN 55105",Kate Minachkina,office@flowerzdispensary.com,City of Saint Paul,Saint Paul,Ramsey,4/21/2026,4/21/2027
MICRO-L25-001288,Microbusiness,Really Dope LLC,Really Dope LLC,Retail,No,No,"162 Dale Street N, Saint Paul, MN 55102",Sofia Lorraine,Sofia@sofialorraine.com,City of Saint Paul,Saint Paul,Ramsey,4/21/2026,4/21/2027
TF-L25-000011,Testing Facility,Adams Independent Testing MN LLC,Adams Independent Testing MN LLC,Testing Facility,N/A,No,N/A,Mark Adams,ait@hempinspection.com,City of Moorhead,Moorhead,Clay,4/21/2026,4/21/2027
EVENT-26-000001,Event Organizer,Strains LLC,Strains of the Earth,Event Organizer,N/A,No,N/A,Megan Aber,megan.a@strainsllc.com,City of Jordan,Jordan,Scott,4/18/2026,4/20/2026
MICRO-L25-000576,Microbusiness, Wild Hog Co. LLC, Wild Hog Co. LLC,Cultivation,N/A,No,N/A,Charles Johnson,hougehill@gmail.com,Houston County,Caledonia,Houston,4/17/2026,4/17/2027
MICRO-L25-000889,Microbusiness,EmeraldFireMicro LLC,Emerald Fire Farms,Cultivation,N/A,No,N/A,Matt Siggerud,matt@emeraldfirecc.com,City of Winnebago,Winnebago,Faribault,4/17/2026,4/17/2027
MEZZO-L24-000185,Mezzobusiness,Gopher State Ganja LLC,"Gopher State Ganja, LLC",Manufacturing,N/A,Yes,N/A,Billy Parker,bjparker2024@outlook.com,Crow Wing County,Crosslake,Crow Wing,4/16/2026,2/19/2027
MICRO-L25-000490,Microbusiness,ADHI Enterprise LLC,ADHI Enterprise LLC,Retail,No,No,"2945 Hennepin Avenue, Minneapolis, MN 55408",Alla Ishkirat,allaishkirat@yahoo.com,City of Minneapolis,Minneapolis,Hennepin,4/16/2026,4/16/2027
MICRO-L25-001606,Microbusiness,GrowingGreen LLC,GrowingGreen LLC,Cultivation,N/A,No,N/A,Mike Mullen,"jmmullen13@outlook.com
mmullen@swanston.com",City of Moorhead,Moorhead,Clay,4/16/2026,4/16/2027
MICRO-L25-001342,Microbusiness,Great Cannabis LLC,Great Cannabis LLC,Retail,No,No,"14275 Bank Street, Becker, MN 55308",Saif Aljumaili,saifmounnis@gmail.com,City of Becker,Becker,Sherburne,4/15/2026,4/15/2027
MICRO-L25-000684,Microbusiness,Lion Cannabis LLC,Holy Smokes Cannabis,Retail,Yes,Yes,"7424 Lyndale Avenue S, Richfield, MN 55423",Nathan Bruen-O'Brien,leoslions22@gmail.com,City of Richfield,Richfield,Hennepin,4/14/2026,4/14/2027
MICRO-L25-001224,Microbusiness,Grow Gods LLC,Huff and Puff Smoke Shop,Retail,No,No,"1142 County Road E, Vadnais Heights, MN 55110",Tamara Lundberg,"wharasz@gmail.com
tamcatlund@outlook.com",City of Vadnais Heights,Vadnais Heights,Ramsey,4/13/2026,4/13/2027
MICRO-L25-001269,Microbusiness,Twin Cities High LLC,Twin Cities High LLC,Retail,No,No,"7702 Olson Memorial Highway, Golden Valley, MN 55427",Katherine Duff,"andy@twincitieshigh.com
katduff2015@gmail.com",City of Golden Valley,Golden Valley,Hennepin,4/10/2026,4/10/2027
MICRO-L25-001459,Microbusiness,Holstrum LLC,Holstrum LLC,Retail,No,No,"8711 E Point Douglas Road S, Unit# 108 Cottage Grove, MN 55016",Jesse Dolney,licensing@holstrum.com,City of Cottage Grove,Cottage Grove,Washington,4/10/2026,4/10/2027
MICRO-L25-001016,Microbusiness,Northern Cultivators LLC,Northern Cultivators LLC,Cultivation/Manufacturing,N/A,No,N/A,Tanner Boucher,"happychoice420@gmail.com
tannerboucher@northerncultivators.com",Otter Tail County,Clitherall,Otter Tail,4/8/2026,4/8/2027
MICRO-L25-000917,Microbusiness,Smith Farms North LLC,Trailhead Cannabis Company,Retail/Cultivation/Manufacturing,No,No,"17951 State Highway 371, Brainerd, MN 56401",Thomas Smith,tbgsmith@yahoo.com,Crow Wing County,Brainerd,Crow Wing,4/6/2026,4/6/2027
MICRO-L25-000831,Microbusiness,Secure As Fort Knox LLC,Bloom Wellness Coon Rapids,Retail,Yes,No,"2740 NW Main Street, Coon Rapids, MN 55448",Christopher Mergenthaler,cmergenthaler94@gmail.com,City of Coon Rapids,Coon Rapids,Anoka,4/2/2026,4/2/2027
MICRO-L25-000345,Microbusiness,HIJ Enterprises LLC,Weed Wishes Company,Retail,No,No,"2 SE 1st Street, Cook, MN 55723",John Chaulklin,johnchaulklin@aol.com,City of Cook,Cook,Saint Louis,4/1/2026,4/1/2027
MICRO-L25-001284,Microbusiness,CannaJoy LLC,CannaJoyMN,Retail,No,No,"4753 Chicago Avenue S, Minneapolis, MN 55407",Erin Walloch,Erin@cannajoymn.com,City of Minneapolis,Minneapolis,Hennepin,4/1/2026,3/3/2027
TRN-L25-000018,Transporter,We Wholesale LLC,Unwind Distribution,Transporter,N/A,No,N/A,Luke Simon,luke@wewholesalemn.com,City of Moorhead,Moorhead,Clay,3/31/2026,3/31/2027
WHLS-L25-000011,Wholesaler,We Wholesale LLC,Unwind Distribution,Wholesaler,N/A,No,N/A,Luke Simon,luke@wewholesalemn.com,City of Moorhead,Moorhead,Clay,3/31/2026,3/31/2027
MICRO-L24-000211,Microbusiness,Doctor Dabs Corporation,Dabney's Cannabis Co.,Cultivation,N/A,Yes,N/A,Clemon Dabney,dabne003@gmail.com,Houston County,Spring Grove,Houston,3/30/2026,3/30/2027
MICRO-L24-000250,Microbusiness,Suprize Valley Cannabis LLC,Suprize Valley Cannabis LLC,Cultivation,N/A,Yes,N/A,Brian Midtling,brian.midtling@suprizevalleycannabis.com,McLeod County,Brownton,McLeod,3/30/2026,3/30/2027
WHLS-L25-000009,Wholesaler,Moonlight MN LLC,Moonlight MN LLC,Wholesaler,N/A,No,N/A,Carter Mann,carter@moonlightmn.com,City of Plymouth,Plymouth,Hennepin,3/29/2026,3/29/2027
DIS-L25-000120,Retail,"Ember Roots, LLC",Silver Therapeutics Cannabis Company,Retail,Yes,No,"1778 Greeley Street S, Stillwater, MN 55082",Josh Silver,"emberrootsllcMN@proton.me
josh@agtherapeutics.com",City of Stillwater,Stillwater,Washington,3/27/2026,3/27/2027
MICRO-L25-000343,Microbusiness,House of Selection LLC,House of Selection LLC,Cultivation,N/A,No,N/A,Joshua Rutherford,dutch.earl@gmail.com,Chisago County,Lindstrom,Chisago,3/27/2026,3/27/2027
WHLS-L25-000033,Wholesaler,P&J Distribution LLC,P&J Distribution LLC,Wholesaler,N/A,No,N/A,Jacquelyn Jorgenson,jacqui.jorgenson@gmail.com,City of Fridley,Fridley,Anoka,3/27/2026,3/27/2027
TF-L25-000014,Testing Facility,True North Analytics LLC,True North Analytics LLC,Testing Facility,N/A,No,N/A,Stephanie Fettig-Scholl,stephanie@elementlaboratories.com,City of Roseville,Roseville,Ramsey,3/26/2026,3/26/2027
MICRO-L25-000373,Microbusiness,Ann's Cannabis Cottage,Ann's Cannabis Cottage,Cultivation,N/A,No,N/A,Michael Leas,mleas79@gmail.com,Hubbard County,Bemidji,Hubbard,3/25/2026,3/25/2027
MICRO-L25-000411,Microbusiness,Alhaliq & Co. LLC,Green Rose,Retail,No,No,"514 E 60th Street, Minneapolis, MN 55419",Brianna Alhaliq,brianna.lynn.person@gmail.com,City of Minneapolis,Minneapolis,Hennepin,3/25/2026,3/25/2027
MICRO-L24-000181,Microbusiness,Hidden Gardens Micro,Hidden Gardens Micro,Retail,No,Yes,"24000 US Highway 218, Austin, MN 55912",Michael Attleson,hiddengardens2023@gmail.com,Mower County,Austin,Mower,3/24/2026,3/24/2027
MEZZO-L24-000260,Mezzobusiness,JDMN Holdings LLC,No Coast Wellness,Manufacturing,N/A,Yes,N/A,Joshua Dotson,dotsonjusmc@gmail.com,City of Saint Paul,Saint Paul,Ramsey,3/23/2026,3/23/2027
MICRO-L25-000679,Microbusiness,502 Main Company LLC,Lake Daze,Retail,Yes,No,"502 Mainstreet, Hopkins, MN 55343",Tracy Ashley,tashley594@aol.com,City of Hopkins,Hopkins,Hennepin,3/20/2026,3/20/2027
MICRO-L25-000396,Microbusiness,Matchbox Farms MN LLC,Matchbox Farms MN LLC,Cultivation/Manufacturing,N/A,Yes,N/A,Christopher Gracia Sr,cginbend@icloud.com,City of Oronoco,Oronoco,Olmsted,3/18/2026,7/24/2027
MICRO-L25-000615,Microbusiness,URBgreen LLC,URBAN GREEN Dispensary,Retail,No,No,"9326 N Zane Avenue, Brooklyn Park, MN 55443",Mashal Almashal,"HossamH@urbangreenmn.com
mashal.m@live.com",City of Brooklyn Park,Brooklyn Park,Hennepin,3/18/2026,3/18/2027
MICRO-L25-001208,Microbusiness,Rosebuds Cannabis Company LLC,Rosebuds Cannabis Company LLC,Cultivation,N/A,No,N/A,Katrina Thompson,"stevedrosenfeldt@gmail.com
greenco.mn@gmail.com",City of Moorhead,Moorhead,Clay,3/17/2026,1/16/2027
MICRO-L25-001251,Microbusiness,ABC Cannabis Co. LLP,ABC Cannabis Co. LLP,Retail/Manufacturing,No,Yes,"1124 E 3rd Avenue, Alexandria, MN 56308",Camille Hess-Norris,"ruckheim@hotmail.com
camillenorrisnb@GMAIL.COM",City of Alexandria,Alexandria,Douglas,3/17/2026,3/17/2027
DIS-L25-000070,Retail,Kodjo's Dispensary,Kodjo's Dispensary,Retail,No,No,"446 W University Avenue, Saint Paul, MN 55103",Kodjo Alagbo,unidollar@hotmail.com,City of Saint Paul,Saint Paul,Ramsey,3/11/2026,3/11/2027
MICRO-L25-000909,Microbusiness,Lake Star LLC,Zota Gardens,Cultivation,N/A,No,N/A,Gabriel Basham,"lancegomez09@gmail.com
gabe@zotagardens.com",City of Saint Paul,Saint Paul,Ramsey,3/11/2026,3/11/2027
MICRO-L25-001211,Microbusiness,Cuyuna Company LLC,Cuyuna Cannabis,Retail,No,No,"2 E Main Street, Crosby, MN 56441",Mark Hendrickson,mark@cuyunacannabis.com,City of Crosby,Crosby,Crow Wing,3/11/2026,3/11/2027
MICRO-L25-000658,Microbusiness,Summit North Cannabis LLC,Dinky Dope Dispensary,Retail,No,No,"1319 SE 4th Street, Minneapolis, MN 55414",Heidi Sakallah,heidi@sakallahgroup.com,City of Minneapolis,Minneapolis,Hennepin,3/10/2026,3/10/2027
MICRO-L25-001246,Microbusiness,Grazzhopper LLC,Grazzhopper LLC,Retail,No,No,"16484 SE 149th Street, Big Lake, MN 55309",William Shocinski,info@grazzhopper.com,Sherburne County,Big Lake,Sherburne,3/9/2026,3/9/2027
MICRO-L24-000547,Microbusiness,Headset Headquarters Inc,Midway Cannabis,Retail,No,Yes,"1607 W University Avenue, Saint Paul, MN 55104",Siarra Holden,Siarra@themedspawoodbury.com,City of Saint Paul,Saint Paul,Ramsey,3/6/2026,3/6/2027
MICRO-L25-001284,Microbusiness,CannaJoy LLC,CannaJoyMN,Cultivation,N/A,No,N/A,Erin Walloch,Erin@cannajoymn.com,Pine County,Denham,Pine,3/3/2026,3/3/2027
MICRO-L25-001411,Microbusiness,Feelin MN LLC,Feelin MN LLC,Retail/Manufacturing,No,No,"75 W Little Canada Road, Little Canada, MN 55117",John DeRosa,asphaltrepairteam4422@gmail.com,City of Little Canada,Little Canada,Ramsey,3/3/2026,3/3/2027
DIS-L25-000016,Retail,Black Bear Wellness MN LLC,Black Bear Dispensary,Retail,Yes,Yes,"104 E 4th Street, Winona, MN 55987",Nathan Kanya,"jesse@blackbeardispensary.com
nate@blackbeardispensary.com",City of Winona,Winona,Winona,3/2/2026,3/2/2027
MICRO-L25-000656,Microbusiness,Deep Roots LLC,Deep Roots LLC,Retail,No,No,"250 N Medina Street, Loretto, MN 55357",Sara Teresi,"brianteresi@gmail.com
sara@deeprootscannabismn.com",Hennepin County,Loretto,Hennepin,2/26/2026,2/26/2027
MICRO-L25-001203,Microbusiness,Green Duck Group LLC,Green Duck Dispensary,Retail,No,No,"3390 Coachman Road, Suite# 210 Eagan, MN 55121",Ira Mitchell,ira@greenduckgo.com,City of Eagan,Eagan,Dakota,2/26/2026,2/26/2027
TRN-L24-000010,Transporter,Green Haven Logistics Incorporated,Green Haven Logistics Incorporated,Transporter,N/A,Yes,N/A,Chad Olsen,"chad@greenhavenlogistics.com
Chad@GHL.Delivery",City of Plymouth,Plymouth,Hennepin,2/24/2026,2/24/2027
MICRO-L24-000027,Microbusiness,Cowboy Cannabis Company,Cowboy Cannabis Company,Cultivation,N/A,Yes,N/A,Jonathan Giberson Jr,cowboycannabiscompany2024@gmail.com,Cass County,Motley,Cass,2/23/2026,2/23/2027
MEZZO-L24-000055,Mezzobusiness,Northern Illusion LLC,Greenleaf Meadow,Retail/Cultivation,Yes,Yes,"1982 Rainbow Street, Mora, MN 55051",Shekhar Nepal,snepal67@icloud.com,Comfort Township,Mora,Kanabec,2/19/2026,2/19/2027
MEZZO-L24-000185,Mezzobusiness,Gopher State Ganja LLC,MN Roots Alexandria Dispensary,Retail,Yes,Yes,"209 Nokomis Street, Alexandria, MN 56308",Billy Parker,bjparker2024@outlook.com,City of Alexandria,Alexandria,Douglas,2/19/2026,2/19/2027
TRN-L25-000033,Transporter,Mystic Sunshine Ventures LLC,MN Canna Transport,Transporter,N/A,No,N/A,Brant Kapple,brant@myappmgmt.com,City of Bloomington,Bloomington,Hennepin,2/19/2026,2/19/2027
DIS-L25-000045,Retail,SARCASTIC AF LLC,Pot Mamas,Retail,No,Yes,"4528 S France Avenue, Edina, MN 55410",Erin Pash,"shaynaa13@gmail.com
erin@pot-mamas.com",City of Edina,Edina,Hennepin,2/17/2026,12/26/2026
MEZZO-L24-000140,Mezzobusiness,"Bella Blami, LLC",Verist Fields,Retail,No,Yes,"911 W 50th Street, Minneapolis, MN 55419",Stefan Egan,segan@bellablami.com,City of Minneapolis,Minneapolis,Hennepin,2/17/2026,12/11/2026
MICRO-L25-001511,Microbusiness,Rosemont Greens L.L.C.,Sun Leaf Greens,Retail,No,No,"12019 N Business Park Boulevard, Champlin, MN 55316",Mohammad Mustafa,mustafatalalmn@gmail.com,City of Champlin,Champlin,Hennepin,2/17/2026,2/17/2027
MEZZO-L24-000300,Mezzobusiness,"Swerve Farms, LLC",MnLooN,Retail,No,Yes,"608 S Snelling Avenue, Saint Paul, MN 55116",Christopher Wenzel,SwerveBeverages@gmail.com,City of Saint Paul,Saint Paul,Ramsey,2/10/2026,2/10/2027
DEL-L24-000051,Delivery Service,Farmers Marketing Services LLC,Farmer's Cannabis Company,Delivery Service,N/A,Yes,N/A,Kaleb Farmer,"michael.farmer.r@gmail.com
Kalebfarmer33@gmail.com",City of Aitkin,Aitkin,Aitkin,2/9/2026,2/9/2027
DIS-L25-000106,Retail,Farmers Marketing Services LLC,Farmer's Cannabis Company,Retail,No,Yes,"124 N Minnesota Avenue, Aitkin, MN 56431",Kaleb Farmer,Kalebfarmer33@gmail.com,City of Aitkin,Aitkin,Aitkin,2/9/2026,2/9/2027
MFR-L25-000035,Manufacturer,canna social LLC,BSD Labs,Manufacturing,N/A,Yes,N/A,Mathew Little,mathew.little83@gmail.com,City of Waseca,Waseca,Waseca,2/6/2026,2/6/2027
DIS-L24-000396,Retail,Northcare Wellness L.L.C.,MN THC Co,Retail,No,Yes,"396 Schilling Drive, Suite# 300 Dundas, MN 55019",Abbey Johnson,abbey@mnthc.co,City of Dundas,Dundas,Rice,2/5/2026,12/23/2026
MICRO-L25-001470,Microbusiness,Cabin Fever Co.,Cabin Fever Cannabis,Cultivation,N/A,No,N/A,Trenton Beyer,infobnv@proton.me,Cass County,Walker,Cass,2/5/2026,2/5/2027
MICRO-L25-000638,Microbusiness,Hempire LLC,Hempire LLC,Retail,No,No,"3135 NW Superior Drive, Suite# B Rochester, MN 55901",Shelly Buchanan,slbuchananrn@gmail.com,Olmsted County,Rochester,Olmsted,2/4/2026,2/4/2027
MICRO-L25-001232,Microbusiness,Agriculture Consulting and Design,Tasty Gems,Manufacturing,N/A,No,N/A,Michael Erickson,Agconsulting.design@gmail.com,Otter Tail County,Fergus Falls,Otter Tail,2/4/2026,2/4/2027
MEZZO-L24-000296,Mezzobusiness,Redux Cannabis LLC,High 10 Dispensary,Retail,No,Yes,"6111 NW Highway 10, Unit# 500 Ramsey, MN 55303",Michael Donnelly,reduxcannabis@gmail.com,City of Ramsey,Ramsey,Anoka,2/2/2026,2/2/2027
MICRO-L25-000556,Microbusiness,Midwest Craft Cannabis LLC,Midwest Craft Cannabis LLC,Cultivation,N/A,No,N/A,Dustin Schultze,schultze@live.com,Martin County,Welcome,Martin,1/29/2026,1/29/2027
MICRO-L25-000574,Microbusiness,Serene Acres Dispensary Inc,Pipestone Recreational Dispensary,Retail,No,Yes,"112 W Main Street, Pipestone, MN 56164",Samual Pfeifle,spfeifle@eastriverfarms.com,City of Pipstone,Pipestone,Pipestone,1/28/2026,1/28/2027
MICRO-L25-000608,Microbusiness,Unwind MN LLC,Unwind MN LLC,Retail,No,No,"3505 S 8th Street, Moorhead, MN 56560",Theresa Sorenson,theresa@unwindmoorhead.com,City of Moorhead,Moorhead,Clay,1/28/2026,1/28/2027
MICRO-L25-000559,Microbusiness,The Flower Shop MN LLC,The Flower Shop MN LLC,Retail,No,No,"706 S Kniss Avenue, Luverne, MN 56156",Peter Dikun,dikunpeter@gmail.com,City of Luverne,Luverne,Rock,1/27/2026,1/27/2027
MICRO-L25-001581,Microbusiness,Lakota Leaf,Beezwax of Moorhead,Retail,No,No,"423 S Main Avenue, Moorhead, MN 56560",Samer Waz,samerwaz2002@gmail.com,City of Moorhead,Moorhead,Clay,1/27/2026,1/27/2027
MEZZO-L24-000173,Mezzobusiness,Legit Cannabis LLC,Legit Cannabis LLC,Retail,No,Yes,"120 W Superior Street, Duluth, MN 55802",Wael Sakallah,sakallahw@yahoo.com,City of Duluth,Duluth,Saint Louis,1/21/2026,9/17/2027
MICRO-L25-000569,Microbusiness,FLIPSIDE LLC,Flipside Dispensary and Music,Retail,No,No,"901 W 36th Street, Minneapolis, MN 55408",Joshua Fellman,josh@flipsidemn.com,City of Minneapolis,Minneapolis,Hennepin,1/20/2026,1/20/2027
TRN-L24-000006,Transporter,GreenLife MN INC.,GreenLife MN INC.,Transporter,N/A,Yes,N/A,Anthony Adza,Tony@GreenLifeBiotics.com,City of Saint Louis Park,Saint Louis Park,Hennepin,1/19/2026,1/19/2027
DEL-L25-000012,Delivery Service,Moonlight MN LLC,Moonlight MN LLC,Delivery Service,N/A,No,N/A,Carter Mann,carter@moonlightmn.com,City of Plymouth,Plymouth,Hennepin,1/16/2026,1/16/2027
MICRO-L24-000160,Microbusiness,White Rabbit,White Rabbit,Cultivation,N/A,Yes,N/A,Terry Halvorson,terry_halvorson@hotmail.com,Norman County,Hendrum,Norman,1/16/2026,1/16/2027
MICRO-L25-001007,Microbusiness,Malleus LLC,canna corners,Retail,No,No,"321 N Main Avenue, Thief River Falls, MN 56702",Casey Hammer,"casey@malleus.cc
casey@cannacorners.com",City of Thief River Falls,Thief River Falls,Pennington,1/16/2026,1/16/2027
MICRO-L25-001208,Microbusiness,Rosebuds Cannabis Company LLC,Rosebuds Cannabis Company LLC,Retail,No,No,"2223 E Highway 10, Unit# A Moorhead, MN 56560",Steven Rosenfeldt,stevedrosenfeldt@gmail.com,City of Moorhead,Moorhead,Clay,1/16/2026,1/16/2027
TRN-L25-000016,Transporter,Moonlight MN LLC,Moonlight MN LLC,Transporter,N/A,No,N/A,Carter Mann,carter@moonlightmn.com,City of Plymouth,Plymouth,Hennepin,1/16/2026,1/16/2027
MICRO-L24-000496,Microbusiness,Knocked Out Genetics LLC,Knocked Out Genetics LLC,Cultivation,N/A,Yes,N/A,Chad Kranebell,kranebell@gmail.com,Olmsted County,Rochester,Olmsted,1/15/2026,1/15/2027
MICRO-L25-000686,Microbusiness,Southfarthing Cultivation LLC,Southfarthing Cultivation LLC,Cultivation,N/A,No,N/A,Zachary Gockenbach Cole,oskeycole@gmail.com,May Township,Stillwater,Washington,1/15/2026,1/15/2027
MICRO-L25-000500,Microbusiness,MJIII LLC,North Shore Dispensary,Retail,No,No,"2033 W Superior Street, Duluth, MN 55806",Kevin Lund,"john.bordeniii@gmail.com
kltpec@aol.com",City of Duluth,Duluth,Saint Louis,1/13/2026,1/13/2027
MICRO-L25-000800,Microbusiness,Midway popcorn candy and ice cream Limited Liability Company,Potshotz mn,Retail,No,No,"1549 W University Avenue, Suite# East Saint Paul, MN 55104",David Tolchiner,davidtolchiner@gmail.com,City of Saint Paul,Saint Paul,Ramsey,1/13/2026,1/13/2027
MICRO-L25-000846,Microbusiness,Blue Flower Elegance LLC,Minnesota Canna,Retail,Yes,Yes,"5125 Edina Industrial Boulevard, Edina, MN 55439",Lillian Bruner,lillian@myappmgmt.com,City of Edina,Edina,Hennepin,1/12/2026,1/12/2027
MICRO-L25-000659,Microbusiness,"Bemidji Lake Girl, Inc.",Coconut Cannabis,Retail,No,No,"13371 NW Irvine Avenue, Suite# 1 Bemidji, MN 56601",Janelle Hill,bemidjilakegirl@gmail.com,Beltrami County,Bemidji,Beltrami,1/9/2026,1/9/2027
DIS-L25-000046,Retail,City of Anoka,Anoka Cannabis Company,Retail,No,No,"839 East River Road, Anoka, MN 55303",Kevin Morelli,"glee@ci.anoka.mn.us
 kmorelli@ci.anoka.mn.us",City of Anoka,Anoka,Anoka,1/8/2026,1/8/2027
MICRO-L24-000026,Microbusiness,Classified Crops LLC,Classified Crops LLC,Cultivation/Manufacturing,N/A,Yes,N/A,Nicholas Borene,"bdolla060@gmail.com
Classifiedcrops@gmail.com",Sherburne County,Zimmerman,Sherburne,1/8/2026,1/8/2027
MICRO-L25-000630,Microbusiness,Fort Road Cannabis LLC,Fort Road Cannabis,Retail,No,No,"899 Randolph Avenue, Saint Paul, MN 55102",Thomas Guest,"fortroadcannabis@gmail.com
trevor.guest.651@gmail.com",City of Saint Paul,Saint Paul,Ramsey,1/8/2026,1/8/2027
MICRO-L24-000232,Microbusiness,J&B Living LLC,Healing Harvest,Manufacturing,N/A,Yes,N/A,Brittany Brown,bbrown@healingharvestmn.com,City of Saint Peter,Saint Peter,Nicollet,12/31/2025,12/31/2027
MICRO-L24-000557,Microbusiness,"Laketown Farms,LLC","Laketown Farms, LLC",Cultivation/Manufacturing,N/A,Yes,N/A,Charles Levine,charles@hempacresusa.com,Carver County,Waconia,Carver,12/31/2025,12/31/2026
MICRO-L25-000366,Microbusiness,Faribo Green LLC,Dizgo Collective,Cultivation/Manufacturing,N/A,No,N/A,Jennifer Miller,"jenny@dizgoco.com
ben@ctcreek.com",City of Faribault,Faribault,Rice,12/29/2025,12/29/2026
DIS-L25-000045,Retail,SARCASTIC AF LLC,Pot Mamas,Retail,No,Yes,"1155 Centre Pointe Drive, Suite# 6 Mendota Heights, MN 55120",Erin Pash,"shaynaa13@gmail.com
erin@pot-mamas.com",City of Mendota Heights,Mendota Heights,Dakota,12/26/2025,12/26/2026
MICRO-L24-000031,Microbusiness,Cannabis Co. LLC,The Cannabis Co.,Retail,Yes,Yes,"12246 NE 42nd Street, Saint Michael, MN 55376",Cory Johannes,coryjohannes25@gmail.com,City of Saint Michael,Saint Michael,Wright,12/24/2025,12/24/2026
MICRO-L24-000422,Microbusiness,Unanimous Cannabis Co-op LLC,Unanimous Cannabis,Retail,No,Yes,"2835 S Hennepin Avenue, Suite# C Minneapolis, MN 55408",Joshua Bruns,minneapoliscooperative@gmail.com,City of Minneapolis,Minneapolis,Hennepin,12/24/2025,12/24/2026
DIS-L24-000396,Retail,Northcare Wellness L.L.C.,MN THC Co,Retail,No,Yes,"16085 Buck Hill Road, Lakeville, MN 55019",Abbey Johnson,abbey@mnthc.co,City of Lakeville,Lakeville,Dakota,12/23/2025,12/23/2026
MICRO-L25-000584,Microbusiness,5D Dispensary LLC,5D Dispensary LLC,Retail,No,No,"18447 NE Highway 65, Suite# B Cedar, MN 55011",Brittney Yares,5dwellnessmn@gmail.com,City of East Bethel,Cedar,Anoka,12/23/2025,12/23/2026
MICRO-L25-000412,Microbusiness,Danna Enterprises LLC,The Stash & Co,Cultivation,N/A,No,N/A,Dan Westman,thestashnco@gmail.com,City of Harris,Harris,Chisago,12/22/2025,12/22/2027
MICRO-L25-000761,Microbusiness,MHA Alchemy Corp,Zenith Horizon,Retail,No,No,"110 W Main Street, Unit# B Le Roy, MN 55951",Mihaela Algadi,mha.alchemy25@gmail.com,Mower County,Le Roy,Mower,12/18/2025,12/18/2026
MICRO-L25-001531,Microbusiness,the joint L.L.C.,The Lakes Dispensary,Retail,No,No,"1599 E County Road E, White Bear Lake, MN 55110",Maxwell Vannelli,Vannellimax7@gmail.com,City of Gem Lake,White Bear Lake,Ramsey,12/18/2025,12/18/2026
MICRO-L24-000263,Microbusiness,R and D Pharm LLC,R and D Pharm LLC,Cultivation,N/A,Yes,N/A,Jarod Anderson,andersonjarod775@gmail.com,City of Lino Lakes,Lino Lakes,Anoka,12/17/2025,12/17/2026
MICRO-L25-000399,Microbusiness,The Grass Station LLC,The Grass Station LLC,Retail,No,No,"103 W Main Street, Unit# 103 Belle Plaine, MN 56011",Stephen Cappetto,stephen@thegrassstationmn.com,City of Belle Plaine,Belle Plaine,Scott,12/17/2025,12/17/2026
MICRO-L25-000533,Microbusiness,Vibes Corp,Vibes,Retail,No,Yes,"1080 W County Road E, Shoreview, MN 55126",Cory Morrison,farcor2022@gmail.com,City of Shoreview,Shoreview,Ramsey,12/17/2025,12/17/2026
MICRO-L25-000572,Microbusiness,Northern Crown LLC,Northern Crown Cannabis,Retail,No,Yes,"108 E Main Street, Suite# 400 Isanti, MN 55040",Matthew Van Heel,mcvanheel97@gmail.com,City of Isanti,Isanti,Isanti,12/17/2025,12/17/2026
MICRO-L24-000553,Microbusiness,Anthos LLC,Anthos LLC,Cultivation/Manufacturing,N/A,Yes,N/A,Givon Kumal,gkumal@anthos.earth,Le Sueur County,Elysian,Le Sueur,12/15/2025,12/15/2026
MICRO-L25-001064,Microbusiness,Loon Inc.,MnLooN,Retail,No,No,"2801 S Lyndale Avenue, Minneapolis, MN 55408",Mohammad Al-Hawwari,alhawwarima@gmail.com,City of Minneapolis,Minneapolis,Hennepin,12/15/2025,12/15/2026
MEZZO-L24-000306,Mezzobusiness,Medicine Lake Enterprises Inc.,Legacy Cannabis,Retail,No,Yes,"2930 S Lyndale Avenue, Minneapolis, MN 55408",Josh Wilken-Simon,jwilkensimon01@gmail.com,City of Minneapolis,Minneapolis,Hennepin,12/12/2025,10/28/2026
MEZZO-L24-000140,Mezzobusiness,"Bella Blami, LLC",Verist Fields,Cultivation/Manufacturing,N/A,Yes,N/A,Stefan Egan,segan@bellablami.com,City of Eden Prairie,Eden Prairie,Hennepin,12/11/2025,12/11/2026
MICRO-L24-000293,Microbusiness,Green Box Cannabis LLC,Green Box Cannabis,Cultivation,N/A,Yes,N/A,Fong Lor,fonglor11@hotmail.com,Aitkin County,McGregor,Aitkin,12/11/2025,8/22/2027
MICRO-L24-000216,Microbusiness,Da Spot LLC,Da Spot Dispensary & Wellness,Retail,No,Yes,"2313 W 50th Street, Minneapolis, MN 55410",Anthony Branca,"Bam@daspotcannabis.com
anthony@daspotcannabis.com",City of Minneapolis,Minneapolis,Hennepin,12/8/2025,12/8/2026
MICRO-L25-000517,Microbusiness,Valhalla Industries LLC LLC,Valhalla Cannabis company,Cultivation,N/A,No,N/A,Matthew Henrichs,valhallaindustriesmn@gmail.com,City of Coleraine,Grand Rapids,Itasca,12/8/2025,12/8/2026
WHLS-L24-000004,Wholesaler,GreenLife MN INC.,GreenLife MN INC.,Wholesaler,N/A,Yes,N/A,Anthony Adza,Tony@GreenLifeBiotics.com,City of Saint Louis Park,Saint Louis Park,Hennepin,12/8/2025,12/8/2026
CUL-L24-000017,Cultivator,Kind Bud Inc,Kind Bud Inc,Cultivation,N/A,Yes,N/A,Shaun Tetreault,kindbudminnesota@gmail.com,City of Maple Lake,Maple Lake,Wright,12/5/2025,12/5/2026
MFR-L24-000008,Manufacturer,"City of Gold Botanicals, Inc.",Unbound Cannabis,Manufacturing,N/A,Yes,N/A,Melissa Stopka,"mstopka@enjoyunbound.com
DONNABROWER57@GMAIL.COM",City of Grand Rapids,Grand Rapids,Itasca,12/5/2025,12/5/2026
MICRO-L25-000544,Microbusiness,"HOMETOWN BUDS, LLC LLC","HOMETOWN BUDS, LLC LLC",Retail,No,No,"34212 Highway 371, Suite# 2 Jenkins, MN 56472",Michael Hastings,HometownBuds@libbylawoffice.com,City of Jenkins,Jenkins,Crow Wing,12/5/2025,12/5/2026
MICRO-L25-001295,Microbusiness,DJM Ventures LLC,Altitude Dispensary,Retail,Yes,No,"220 Sandberg Road, Monticello, MN 55362",David Moe,dmoe6773@gmail.com,City of Monticello,Monticello,Wright,12/3/2025,12/3/2026
MICRO-L24-000439,Microbusiness,Cloud Nine Farms LLC,Cloud Nine Farms LLC,Retail,No,Yes,"1425 S 1st Street, Willmar, MN 56201",Angie Richter,accounting@hemponix.com,City of Willmar,Willmar,Kandiyohi,11/26/2025,8/1/2027
MICRO-L25-000358,Microbusiness,Nineteen Pines LLC,Nineteen Pines Cannabis Company,Retail/Cultivation/Manufacturing,No,No,"4323 State Highway 23, Brook Park, MN 55007",Trent Kannenberg,trent.kannenberg@gmail.com,Pine County,Brook Park,Pine,11/26/2025,11/26/2026
MICRO-L25-000444,Microbusiness,"Brick Side Growers, Inc.",4 North,Retail,No,No,"4 N Minnesota Street, New Ulm, MN 56073",Tad Ulrich,"glennhauser03@gmail.com
tad@bricksidegrowers.com",City of New Ulm,New Ulm,Brown,11/26/2025,11/26/2026
MICRO-L25-000916,Microbusiness,Green Cross Corp.,Purple Prince,Cultivation,N/A,No,N/A,Daniel Clark,clarkdaniel605@gmail.com,City of Saint Joseph,Saint Joseph,Stearns,11/26/2025,11/26/2026
MICRO-L25-001137,Microbusiness,The Saint Albans Bay Company LLC,The Saint Albans Bay Company LLC,Cultivation/Manufacturing,N/A,No,N/A,Lance Nelson,lcnelson011@gmail.com,Crow Wing County,Garrison,Crow Wing,11/26/2025,11/26/2026
MICRO-L25-001360,Microbusiness,Hinckley Sales LLC,Hinckley Sales LLC,Retail/Cultivation/Manufacturing,No,Yes,"38812 State Highway 48, Hinckley, MN 55037",Bradley Volkmann,Bradvolkmann1986@yahoo.com,Pine County,Hinckley,Pine,11/26/2025,11/26/2026
MICRO-L24-000244,Microbusiness,Hoffert Enterprises LLC,Green Apple Cannabis,Retail,No,Yes,"73 Minnesota Avenue, Breckenridge, MN 56520",David Hoffert,davidhoffert@gmail.com,City of Breckenridge,Breckenridge,Wilkin,11/25/2025,11/25/2026
TF-L25-000004,Testing Facility,Fina Labs LLC,Fina Analytics,Testing Facility,N/A,No,N/A,Julie Drummer,jdrummer@hickorytech.net,City of Waseca,Waseca,Waseca,11/25/2025,11/25/2026
TRN-L25-000052,Transporter,Going Green Transport LLC,Goint Green Transport LLC,Transporter,N/A,No,N/A,Larissa Eller,service@goinggreentransport.com,City of Burnsville,Burnsville,Dakota,11/25/2025,11/25/2026
TRN-L25-000030,Transporter,Great North Oil Exploration LLC,Boxes,Transporter,N/A,No,N/A,Henry Kelly,"nick@greatnorthoil.com
henry@greatnorthoil.com",City of Saint Paul,Saint Paul,Ramsey,11/21/2025,11/21/2026
WHLS-L25-000019,Wholesaler,Great North Oil Exploration LLC,Boxes,Wholesaler,N/A,No,N/A,Henry Kelly,"nick@greatnorthoil.com
henry@greatnorthoil.com",City of Saint Paul,Saint Paul,Ramsey,11/21/2025,11/21/2026
WHLS-L25-000027,Wholesaler,stayLIT LLC,stayLIT,Wholesaler,N/A,No,N/A,Jacob Berman,"russell@staylitcanna.com
jacob@staylitcanna.com",City of Burnsville,Burnsville,Dakota,11/21/2025,11/21/2026
TRN-L25-000044,Transporter,stayLIT LLC,stayLIT,Transporter,N/A,No,N/A,Jacob Berman,"russell@staylitcanna.com
jacob@staylitcanna.com",City of Burnsville,Burnsville,Dakota,11/19/2025,11/19/2026
MICRO-L24-000066,Microbusiness,St Paul Cannabis Co LLC,st paul cannabis,Retail,No,Yes,"193 N Snelling Avenue, Saint Paul, MN 55104",David Mendolia,buds@stpcannabis.com,City of Saint Paul,Saint Paul,Ramsey,11/17/2025,11/17/2026
MICRO-L25-000414,Microbusiness,MN Grass Hero LLC,MN Grass Hero LLC,Retail,No,No,"1331 NW 105th Street, Rice, MN 56367",Justin DeMarais,mngrasshero@yahoo.com,Benton County,Rice,Benton,11/17/2025,11/17/2027
MICRO-L25-000565,Microbusiness,BlooMN Inc,BlooMN Inc,Retail,Yes,Yes,"2518 Central Avenue NE, Minneapolis, MN 55418",Joseph Jensen,joe.jensenmn@gmail.com,City of Minneapolis,Minneapolis,Hennepin,11/17/2025,11/17/2026
MICRO-L25-000648,Microbusiness,Strains LLC,Strains of the Earth,Retail,No,No,"415 S Broadway Street, Jordan, MN 55352",Jim Cramond Jr,jim@strainsllc.com,City of Jordan,Jordan,Scott,11/17/2025,11/17/2026
MICRO-L25-001058,Microbusiness,Precision Processing LLC,Rogue Gardener - Chaska Creek Cannabis,Retail,No,No,"722 N Chestnut Street, Chaska, MN 55318",Koy Payne,koypayne@gmail.com,City of Chaska,Chaska,Carver,11/14/2025,11/14/2026
MICRO-L25-000519,Microbusiness,Green Tribe Movement LLC,Green Tribe Movement LLC,Retail,Yes,No,"7145 S France Avenue, Edina, MN 55435",Emma Chenoweth,emma@myappmgmt.com,City of Edina,Edina,Hennepin,11/6/2025,11/6/2026
CUL-L24-000028,Cultivator,LeafRV Ventures LLC,LeafRV Ventures LLC,Cultivation,N/A,Yes,N/A,Jamielee Maturi,jamielee@mntechnology.net,City of Cohasset,Cohasset,Itasca,11/4/2025,11/4/2026
MICRO-L25-000945,Microbusiness,Aurora Cannabis LLC,Aurora Cannabis LLC,Retail/Cultivation,No,No,"16535 SE Anna Trail, Prior Lake, MN 55372",Randon Beuc,randy@auroracannabismn.com,City of Prior Lake,Prior Lake,Scott,10/31/2025,10/31/2026
MICRO-L25-001116,Microbusiness,BLPCO LLC,LOTW Dispensary,Retail,No,No,"418 State Avenue, Suite# B Warroad, MN 56763",Brittney Peterson,BLPeterson90@gmail.com,City of Warroad,Warroad,Roseau,10/31/2025,10/31/2026
MICRO-L25-000747,Microbusiness,Kingpin Cullen LLC,Hopkins Dispensary,Retail/Manufacturing,No,Yes,"415 17th Avenue, Hopkins, MN 55343",Travis Cullen,travcullen@gmail.com,City of Hopkins,Hopkins,Hennepin,10/30/2025,10/30/2026
MICRO-L25-001163,Microbusiness,Single Source Brands LLC,Splitrock Farms Dispensary,Retail,No,No,"11991 Business Park Boulevard, Champlin, MN 55316",Deren Fisk-Hummelsund,singlesourcebrands@gmail.com,City of Champlin,Champlin,Hennepin,10/30/2025,10/30/2026
MICRO-L25-001206,Microbusiness,GoldenEye LLC,Fullmelt Factory,Retail,No,No,"13777 N Grove Drive, Maple Grove, MN 55311",Kevin Lindau,contact@heavenboundenterprises.org,City of Maple Grove,Maple Grove,Hennepin,10/30/2025,10/30/2026
MICRO-L24-000350,Microbusiness,Stozopoulos Holdings Inc,Coastless,Retail,No,Yes,"1202 S Kniss Avenue, Luverne, MN 56156",Dylan Stokes,Dylanlstokes11@gmail.com,City of Luverne,Luverne,Rock,10/29/2025,10/29/2026
MEZZO-L24-000306,Mezzobusiness,Medicine Lake Enterprises Inc.,Legacy Cannabis,Retail,No,Yes,"9891 Hudson Place, Woodbury, MN 55125",Josh Wilken-Simon,jwilkensimon01@gmail.com,City of Woodbury,Woodbury,Washington,10/28/2025,10/28/2026
MICRO-L24-000346,Microbusiness,Tranquil Gardens Dispensary LLC,Tranquil Gardens Dispensary,Retail,Yes,Yes,"79 W 3rd Street, Unit# 79 Winona, MN 55987",Robert Bouher,sandrarolph@msn.com,City of Winona,Winona,Winona,10/28/2025,10/28/2026
MICRO-L25-000821,Microbusiness,Green Canopy Inc,Green Canopy Inc,Retail,No,No,"177 S Saint Croix Trail, Lakeland Shores, MN 55043",Canaan Martin,"michelle@greencanopymn.com
canaan@greencanopymn.com",City of Lakeland Shores,Lakeland Shores,Washington,10/28/2025,10/28/2026
MICRO-L24-000019,Microbusiness,Aeroflower LLC,Aeroflower LLC,Retail/Cultivation,No,Yes,"208 S Sewell Street, Welcome, MN 56181",David Hanson,aeroflower420@gmail.com,City of Welcome,Welcome,Martin,10/24/2025,10/24/2026
MICRO-L24-000367,Microbusiness,Wright Way Farms,Wright Way Farms,Cultivation,N/A,Yes,N/A,Ryan Wright,hcwo2@msn.com,Hubbard County,Laporte,Hubbard,10/24/2025,10/24/2026
MICRO-L25-000627,Microbusiness,The Treehouse MN LLC,The Treehouse MN LLC,Retail,No,No,"212 N 2nd Street, Suite# 103 Minneapolis, MN 55401",John Stevenson,jdstevenson17@gmail.com,City of Minneapolis,Minneapolis,Hennepin,10/24/2025,10/24/2026
MICRO-L25-000883,Microbusiness,Minne Organix LLC,Minne Organix,Retail,No,No,"1900 80th Street, Victoria, MN 55386",Shayne Dauenhauer,"mike@minneorganix.com
shayne@minneorganix.com",City of Victoria,Victoria,Carver,10/24/2025,10/24/2027
MICRO-L25-000395,Microbusiness,Frostbite Cannabis Inc.,Frostbite Dispensary,Retail,No,No,"2218 County Road D W, Suite# 200 Roseville, MN 55112",Jacob Affeldt,info@frostbitecannabis.com,City of Roseville,Roseville,Ramsey,10/23/2025,10/23/2027
DIS-L24-000062,Retail,OUIDHAUS LLC,OUIDHAUS LLC,Retail,Yes,Yes,"1570 61 US-14, La Crescent, MN 55947",Pamela Kapple,pamelakapple@mncanna.org,Houston  County,La Crescent,Houston,10/22/2025,10/22/2026
MICRO-L24-000395,Microbusiness,Grounded Gardens LLC,Grounded Gardens LLC,Retail/Manufacturing,No,Yes,"45 N Main Street, Hutchinson, MN 55350",Bridgette Bethke Pinder,bridgettebethke@gmail.com,City of Hutchinson,Hutchinson,McLeod,10/21/2025,10/21/2026
DIS-L24-000083,Retail,Bread V Butter LLC,Bloom Wellness Dispensary St. Paul,Retail,Yes,Yes,"550 Vandalia Street, Suite# 175 Saint Paul, MN 55114",Christian Blume,brendan97w11@gmail.com,City of Saint Paul,Saint Paul,Ramsey,10/15/2025,10/15/2026
MICRO-L24-000248,Microbusiness,Lifted North LLC,Lifted North LLC,Cultivation/Manufacturing,N/A,Yes,N/A,Jason Taly,talydesignconcepts@gmail.com,City of Duluth,Duluth,Saint Louis,10/15/2025,10/15/2027
MICRO-L25-001117,Microbusiness,ATG TV LLC,Winona Dispensary,Retail,Yes,No,"173 E 2nd Street, Winona, MN 55987",Alexander Denning,thealexanderdenning@gmail.com,City of Winona,Winona,Winona,10/15/2025,10/15/2026
MICRO-L25-001271,Microbusiness,SparkyMN LLC,Sparky Cannabis Co,Retail,No,Yes,"1400 Madison Avenue, Suite# 730 Mankato, MN 56001",Duane  Tarjeson,sparky30@hickorytech.net,City of Mankato,Mankato,Blue Earth,10/10/2025,10/10/2026
MICRO-L25-000612,Microbusiness,TTG Naturals LLC,Wildflower Northeast,Retail,No,No,"326 SE Central, Minneapolis, MN 55414",Thomas Schmidt,tom@tomthegreat.com,City of Minneapolis,Minneapolis,Hennepin,10/9/2025,10/9/2026
MICRO-L25-000793,Microbusiness,Happy Sage Blessings LLC,Happy Sage Blessings LLC,Retail,No,Yes,"4221 Clearwater Road, Suite# 105 Saint Cloud, MN 56301",Kara Cinq-Mars,kara@myappmgmt.com,City of Saint Cloud,Saint Cloud,Stearns,10/9/2025,10/9/2026
MICRO-L25-001577,Microbusiness,Lucid Leaf LLC,Blaine Dispensary,Retail,No,No,"1536 NE 125th Avenue, Blaine, MN 55449",Zean Abdallah,shark5tobacco@gmail.com,City of Blaine,Blaine,Anoka,10/9/2025,10/9/2026
MICRO-L24-000232,Microbusiness,J&B Living LLC,Healing Harvest,Retail,No,Yes,"1123 S Minnesota Avenue, Suite# B Saint Peter, MN 56082",Brittany Brown,bbrown@healingharvestmn.com,City of Saint Peter,Saint Peter,Nicollet,10/8/2025,10/8/2027
MICRO-L25-000436,Microbusiness,Higher Place LLC,"higherplace, HPC, higherplace cannabis co",Retail,No,No,"103 W 2nd Street, Chaska, MN 55318",Boone Kneib,boone@higherplacemn.com,City of Chaska,Chaska,Carver,10/7/2025,10/7/2027
CUL-L25-000004,Cultivator,Trawa LLC,Trawa LLC,Cultivation,N/A,Yes,N/A,Colin Jones,Colin.Jones@TrawaMN.com,Pine County,Grasston,Pine,10/3/2025,10/3/2027
MICRO-L24-000063,Microbusiness,Hmp LLC,Watchtower Dispensary,Cultivation/Manufacturing,N/A,Yes,N/A,Zachary Kenning,Zak@farmhmp.com,Pine County,Pine City,Pine,10/3/2025,10/3/2026
MICRO-L24-000001,Microbusiness,Loonatixz Genetixz LLC,Loonatixz Genetixz,Cultivation,N/A,Yes,N/A,Angela Bursch,loonatixz@yahoo.com,Itasca County,Grand Rapids,Itasca,10/2/2025,10/2/2026
MICRO-L24-000001,Microbusiness,Loonatixz Genetixz LLC,Loonatixz Genetixz,Retail,No,Yes,"201 NW 4th Street, Suite# 109 Grand Rapids, MN 55744",Angela Bursch,loonatixz@yahoo.com,City of Grand Rapids,Grand Rapids,Itasca,10/2/2025,10/2/2026
MICRO-L25-000505,Microbusiness,Green Grass LLC,Green Grass LLC,Retail,No,Yes,"206 W Main Street, Luverne, MN 56156",Terry Gray,GrayTerryR@gmail.com,City of Luverne,Luverne,Rock,10/2/2025,10/2/2026
MICRO-L25-001038,Microbusiness,Lake of the Woods Cannabis Company,Lake of the Woods Cannabis Company,Retail,No,Yes,"3263 NW Fishery Road, Baudette, MN  56623",Kyle Gruis,kylegruis@gmail.com,Lake of the Woods County,Baudette,Lake of the Woods,10/2/2025,10/2/2027
MICRO-L25-001154,Microbusiness,Aficionados LLC,Aficionados,Retail,No,Yes,"2006 E Main Street, Albert Lea, MN 56007",Brenda Zamora,zamorab777@gmail.com,City of Albert Lea,Albert Lea,Freeborn,10/2/2025,10/2/2026
MICRO-L24-000329,Microbusiness,Redwood County Weed Management LLC,Redwood County Weed Management,Cultivation/Manufacturing,N/A,Yes,N/A,Shawn Weber,ocminbox@redwoodcoweed.com,Redwood County,Redwood Falls,Redwood,10/1/2025,10/1/2026
MICRO-L24-000018,Microbusiness,"Holistic Wellness Services, LLC",HWS Cannabis Company,Retail/Manufacturing,No,Yes,"499 N Arrowhead Lane, Moose Lake, MN 55767",Breana Crotteau,"nate@hwshemp.life
breana@hwshemp.life",City of Moose Lake,Moose Lake,Carlton,9/26/2025,9/26/2026
CUL-L24-000010,Cultivator,"City of Gold Botanicals, Inc",Unbound Cannabis,Cultivation,N/A,Yes,N/A,Melissa Stopka,"mstopka@enjoyunbound.com
DONNABROWER57@GMAIL.COM",City of Grand Rapids,Grand Rapids,Itasca,9/25/2025,9/25/2026
MICRO-L25-001374,Microbusiness,"Green to Go, LLC",Green 2 Go,Retail,No,Yes,"2103 Vermillion Street, Hastings, MN 55033",David Benowitz,"david@craftncrew.com
stevebenowitz@gmail.com",City of Hastings,Hastings,Dakota,9/24/2025,9/24/2027
MICRO-L25-000335,Microbusiness,Ol' Skool Edibles LLC,Ol' Skool Edibles LLC,Manufacturing,N/A,Yes,N/A,Michael Marispini,spini3235@gmail.com,City of Eden Prairie,Eden Prarie,Hennepin,9/23/2025,9/23/2027
MICRO-L25-000364,Microbusiness,A+ Organics LLC,Twin Cities Cannabis,Retail,No,Yes,"6625 S Penn Avenue, Suite# 6625 Richfield, MN 55423",Joshua Groenke,groenkejosh@gmail.com,City of Richfield,Richfield,Hennepin,9/19/2025,9/19/2027
MICRO-L25-000473,Microbusiness,Pine Mountain Ventures LLC,Pine Mountain Ventures LLC,Retail,No,No,"14203 Edgewood Drive, Baxter, MN 56425",Nick Garcia-Cartaya,nickgcartaya@gmail.com,City of Baxter,Baxter,Crow Wing,9/18/2025,9/18/2026
EVENT-25-000002,Event Organizer,Legacy Events LLC,Event Name: Legacy Cup,Event Organizer,N/A,No,N/A,Joshua Wilken-Simon,"joel@legacy-mn.com
jwilkensimon01@gmail.com",City of Minneapolis,Minneapolis,Hennepin,9/17/2025,End Date of Event: 09/28/2025
MEZZO-L24-000173,Mezzobusiness,Legit Cannabis LLC,Legit Cannabis LLC,Retail,No,Yes,"16000 S Cedar Avenue, Rosemount, MN 55068",Wael Sakallah,sakallahw@yahoo.com,City of Lakeville,Rosemount,Dakota,9/17/2025,9/17/2027
MICRO-L24-000435,Microbusiness,Litt Dispensaries LLC L.L.C,Litt Dispensaries LLC L.L.C,Retail,No,Yes,"14029 Round Lake Boulevard, Andover, MN 55304",Travis White,"littdispensaries@gmail.com
tntwhite4@gmail.com",City of Andover,Andover,Anoka,9/17/2025,9/17/2027
MICRO-L25-001612,Microbusiness,Lake Superior Dispensary LLC,Lake Superior Dispensary,Retail,No,Yes,"1019 W Central Entrance Road, Suite# D Duluth, MN 55811",Danielle Detlefsen,lakesuperiordispensary@gmail.com,City of Duluth,Duluth,Saint Louis,9/16/2025,9/16/2027
MDCMB-L25-000001,Medical Cannabis Combination Business,Leafline Labs LLC,Rise,Cultivation/Manufacturing,N/A,No,N/A,Anthony Geordiadis,minnesota.compliance@gtigrows.com,City of Cottage Grove,Cottage Grove,Washington,9/15/2025,9/15/2027
MDCMB-L25-000001,Medical Cannabis Combination Business,Leafline Labs LLC,Rise,Retail,Yes,No,"1340 Town Centre Drive, Eagan, MN 55123",Anthony Geordiadis,minnesota.compliance@gtigrows.com,City of Eagan,Eagan,Dakota,9/15/2025,9/15/2027
MDCMB-L25-000001,Medical Cannabis Combination Business,Leafline Labs LLC,Rise,Retail,Yes,No,"14091 Baxter Drive, Suite# 108 Baxter, MN 56425",Anthony Geordiadis,minnesota.compliance@gtigrows.com,City of Baxter,Baxter,Crow Wing,9/15/2025,9/15/2027
MDCMB-L25-000001,Medical Cannabis Combination Business,Leafline Labs LLC,Rise,Retail,Yes,No,"1413 S 1st Street, Wilmar, MN 56201",Anthony Geordiadis,minnesota.compliance@gtigrows.com,City of Willmar,Wilmar,Kandiyohi,9/15/2025,9/15/2027
MDCMB-L25-000001,Medical Cannabis Combination Business,Leafline Labs LLC,Rise,Retail,Yes,No,"201 Sioux Road, Suite# 100 Mankato, MN 56001",Anthony Geordiadis,minnesota.compliance@gtigrows.com,City of Mankato,Mankato,Blue Earth,9/15/2025,9/15/2027
MDCMB-L25-000001,Medical Cannabis Combination Business,Leafline Labs LLC,Rise,Retail,Yes,No,"2239 Ford Parkway, Saint Paul, MN 55116",Anthony Geordiadis,minnesota.compliance@gtigrows.com,City of Saint Paul,Saint Paul,Ramsey,9/15/2025,9/15/2027
MDCMB-L25-000001,Medical Cannabis Combination Business,Leafline Labs LLC,Rise,Retail,Yes,No,"3800 N 3rd Street, Saint Cloud, MN 56303",Anthony Geordiadis,minnesota.compliance@gtigrows.com,City of Saint Cloud,Saint Cloud,Stearns,9/15/2025,9/15/2027
MDCMB-L25-000001,Medical Cannabis Combination Business,Leafline Labs LLC,Rise,Retail,Yes,No,"7700 N 42nd Avenue, Suite# A New Hope, MN 55427",Anthony Geordiadis,minnesota.compliance@gtigrows.com,City of New Hope,New Hope,Hennepin,9/15/2025,9/15/2027
MDCMB-L25-000001,Medical Cannabis Combination Business,Leafline Labs LLC,Rise,Retail,Yes,No,"8016 Brooklyn Boulevard, Brooklyn Park, MN 55445",Anthony Geordiadis,minnesota.compliance@gtigrows.com,City of Brooklyn Park,Brooklyn Park,Hennepin,9/15/2025,9/15/2027
MDCMB-L25-000002,Medical Cannabis Combination Business,Vireo Health of Minnesota LLC,Green Goods,Cultivation/Manufacturing,N/A,No,N/A,Alexandra Breant,alexandrabreant@vireohealth.com,City of Otsego,Otsego,Wright,9/15/2025,9/15/2026
MDCMB-L25-000002,Medical Cannabis Combination Business,Vireo Health of Minnesota LLC,Green Goods,Retail,Yes,No,"104 S 7th Street, Moorhead, MN 56560",Alexandra Breant,alexandrabreant@vireohealth.com,City of Moorhead,Moorhead,Clay,9/15/2025,9/15/2026
MDCMB-L25-000002,Medical Cannabis Combination Business,Vireo Health of Minnesota LLC,Green Goods,Retail,Yes,No,"14334 Burnhaven Drive, Suite# 14334 Burnsville, MN 55306",Alexandra Breant,alexandrabreant@vireohealth.com,City of Burnsville,Burnsville,Dakota,9/15/2025,9/15/2026
MDCMB-L25-000002,Medical Cannabis Combination Business,Vireo Health of Minnesota LLC,Green Goods,Retail,Yes,No,"207 S 9th Street, Minneapolis, MN 55402",Alexandra Breant,alexandrabreant@vireohealth.com,City of Minneapolis,Minneapolis,Hennepin,9/15/2025,9/15/2026
MDCMB-L25-000002,Medical Cannabis Combination Business,Vireo Health of Minnesota LLC,Green Goods,Retail,Yes,No,"3456 E Circle Drive NE, Rochester, MN 55906",Alexandra Breant,alexandrabreant@vireohealth.com,City of Rochester,Rochester,Olmsted,9/15/2025,9/15/2026
MDCMB-L25-000002,Medical Cannabis Combination Business,Vireo Health of Minnesota LLC,Green Goods,Retail,Yes,No,"4960 Miller Trunk Highway, Suite# 300 Hermantown, MN 55811",Alexandra Breant,alexandrabreant@vireohealth.com,City of Hermantown,Hermantown,Saint Louis,9/15/2025,9/15/2026
MDCMB-L25-000002,Medical Cannabis Combination Business,Vireo Health of Minnesota LLC,Green Goods,Retail,Yes,No,"5232 W 84th Street, Bloomington, MN 55437",Alexandra Breant,alexandrabreant@vireohealth.com,City of Bloomington,Bloomington,Hennepin,9/15/2025,9/15/2026
MDCMB-L25-000002,Medical Cannabis Combination Business,Vireo Health of Minnesota LLC,Green Goods,Retail,Yes,No,"672 County Highway 10, Blaine, MN 55434",Alexandra Breant,alexandrabreant@vireohealth.com,City of Blaine,Blaine,Anoka,9/15/2025,9/15/2026
MDCMB-L25-000002,Medical Cannabis Combination Business,Vireo Health of Minnesota LLC,Green Goods,Retail,Yes,No,"800 S 30th Avenue, Moorhead, MN 56550",Alexandra Breant,alexandrabreant@vireohealth.com,City of Moorhead,Moorhead,Clay,9/15/2025,9/15/2026
MDCMB-L25-000002,Medical Cannabis Combination Business,Vireo Health of Minnesota LLC,Green Goods,Retail,Yes,No,"803 Bielenberg Drive, Unit# F5 Woodbury, MN 55125",Alexandra Breant,alexandrabreant@vireohealth.com,City of Woodbury,Woodbury,Washington,9/15/2025,9/15/2026
MICRO-L25-000398,Microbusiness,Weed World LLC,Green Leaf Depot,Retail,No,No,"4126 Egan Drive, Savage, MN 55378",Nathan Pease,"savage@gldepot.com
npease@acoustixav.com",City of Savage,Savage,Scott,9/12/2025,9/12/2027
MICRO-L25-000733,Microbusiness,Crafty Canna Mist LLC,Crafty Canna Mist LLC,Retail,No,No,"121 Sioux Road, Mankato, MN 56001",Erin Fitzgerald,erin.fitz@aol.com,City of Mankato,Mankato,Blue Earth,9/12/2025,9/12/2026
MICRO-L24-000290,Microbusiness,Dynastic DNA LLC,DNA Dispensary,Retail,No,Yes,"1559 Randolph Avenue, Saint Paul, MN 55105",Alexander Skym,dna.dispensary@gmail.com,City of Saint Paul,Saint Paul,Ramsey,9/11/2025,9/11/2027
MICRO-L25-000775,Microbusiness,Coastal Greenery LLC,Coastal Greenery LLC,Retail,No,No,"13495 S Elder Drive, Suite# 150 Baxter, MN 56425",Kevin Luers,richlue58@gmail.com,City of Baxter,Baxter,Crow Wing,9/10/2025,9/10/2027
MICRO-L25-000836,Microbusiness,KOC Industries LLC,Voyager Cannabis Co,Retail,No,Yes,"1889 Madison Avenue, Mankato, MN 56001",John Dinse,john.dinse1@gmail.com,City of Mankato,Mankato,Blue Earth,9/10/2025,9/10/2026
TF-L25-000006,Testing Facility,ChRi Laboratories Inc,ChRi Labs,Testing Facility,N/A,No,N/A,Anna Van,"henry.larmie@chrilabs.com
anna.van@chrilabs.com",City of Saint Paul,Saint Paul,Ramsey,9/10/2025,9/10/2026
MICRO-L25-000752,Microbusiness,O'Buds LLC,O'Buds,Retail,No,No,"700 E Norway Drive, Suite# 105 Annandale, MN 55302",David Miller,obudscannabis@gmail.com,City of Annandale,Annandale,Wright,9/9/2025,9/9/2026
MICRO-L24-000177,Microbusiness,Big Dream Organics LLC,Big Dream Organics,Retail,No,Yes,"1039 S Broadway Avenue, Albert Lea, MN 56007",Jerry Collins,bigdreamorganics@gmail.com,City of Albert Lea,Albert Lea,Freeborn,9/5/2025,9/5/2026
MICRO-L24-000353,Microbusiness,Green Walker Dispensary LLC,Green Walker Dispensary,Retail,No,Yes,"776 E 7th Street, Suite# 1 Saint Paul, MN 55106",Doua Lor,doualor350@hotmail.com,City of Saint Paul,Saint Paul,Ramsey,9/5/2025,9/5/2027
MICRO-L25-000772,Microbusiness,Aquapotic LLC,Aquapotic,Cultivation,N/A,No,N/A,Aaron Bode,aaronbode@aquapotic.com,Pine County,Sturgeon Lake,Pine,9/4/2025,9/4/2027
MICRO-L25-000412,Microbusiness,Danna Enterprises LLC,The Stash & Co,Retail,No,No,"1220 W 4th Street, Rush City, MN 55069",Nathaniel Peterson,thestashnco@gmail.com,City of Rush City,Rush City,Chisago,9/2/2025,9/2/2027
MICRO-L25-000543,Microbusiness,Hastings Consulting LLC,MN Roots Crosslake Dispensary,Retail,No,No,"34443 County Road 3, Crosslake, MN 56442",Julie Hastings,HastingsConsulting@libbylawoffice.com,City of Crosslake,Crosslake,Crow Wing,9/2/2025,9/2/2027
MICRO-L24-000257,Microbusiness,Sweet Leaves LLC,Sweetleaves,Retail,Yes,Yes,"905 N Washington Avenue, Minneapolis, MN 55401",Adam Hoffman,"hoffmansdavid@gmail.com
adam@sweetleavesnorthloop.com",City of Minneapolis,Minneapolis,Hennepin,8/29/2025,8/29/2027
MICRO-L25-001262,Microbusiness,The Greenest Pastures LLC,The Greenest Pastures LLC,Cultivation,N/A,No,N/A,Andrew Gruber,thegreenestpasturesllc@gmail.com,Pine County,Hinckley,Pine,8/29/2025,8/29/2027
MICRO-L25-000522,Microbusiness,Loon Leaf LLC,Loon Leaf,Retail/Manufacturing,Yes,No,"8700 NE University Avenue, Blaine, MN 55434",Fadel Sakkal,fadel@aol.com,City of Blaine,Blaine,Anoka,8/25/2025,8/25/2027
MICRO-L24-000293,Microbusiness,Green Box Cannabis LLC,Green Box Cannabis,Retail,No,Yes,"16350 Kenrick Loop, Suite# D Lakeville, MN 55044",Fong Lor,fonglor11@hotmail.com,City of Lakeville,Lakeville,Dakota,8/22/2025,8/22/2027
MICRO-L24-000401,Microbusiness,Bud Doctor LLC,Bud Doctor,Cultivation,N/A,Yes,N/A,Michael Miller,millersofmn@yahoo.com,Pine County,Sandstone,Pine,8/18/2025,8/18/2027
MICRO-L25-000401,Microbusiness,Star Spangled Farm LLC,Star Spangled Farm LLC,Cultivation,N/A,Yes,N/A,Emily Probst,emilydreis@yahoo.com,Le Sueur County,Montgomery,Le Sueur,8/18/2025,8/18/2027
MICRO-L25-000558,Microbusiness,Two Harbors Cannabis LLC,Two Harbors Cannabis,Retail,No,Yes,"629 7th Avenue, Suite# 11 Two Harbors, MN 55616",Cassidy Gow,cassidy.gow@gmail.com,City of Two Harbors,Two Harbors,Lake,8/15/2025,8/15/2027
MICRO-L24-000248,Microbusiness,Lifted North LLC,Lifted North LLC,Retail,No,Yes,"26 W 1st Street, Duluth, MN 55802",Jason Taly,talydesignconcepts@gmail.com,City of Duluth,Duluth,Saint Louis,8/13/2025,8/13/2027
MICRO-L24-000575,Microbusiness,Lucky Strains LLC,Lucky Strains Cannabis Dispensary,Retail,No,Yes,"151 NW Silver Lake Road, Suite# 114 New Brighton, MN 55112",Sarabear Kelly-Modlin,grow@luckystrains.gives,City of New Brighton,New Brighton,Ramsey,8/12/2025,8/12/2027
MICRO-L25-000439,Microbusiness,In-Dispensary LLC,In-Dispensary,Retail,Yes,No,"250 S 2nd Avenue, Suite# 245A Minneapolis, MN 55401",Mark Eide,jedi@in-dispensary.com,City of Minneapolis,Minneapolis,Hennepin,8/12/2025,8/12/2027
MICRO-L25-001290,Microbusiness,JenS Consulting LLC,Fridley Dispensary,Retail/Manufacturing,Yes,No,"7315 Highway 65 NE, Fridley, MN 55432",Jennifer Swanson,js111consulting@gmail.com,City of Fridley,Fridley,Anoka,8/12/2025,8/12/2027
MICRO-L24-000439,Microbusiness,Cloud Nine Farms LLC,Cloud Nine Farms LLC,Cultivation,N/A,Yes,N/A,"Kevin Ortenblad
Angela Richter","jasonhamstad@yahoo.com; kevinortenblad@gmail.com
accounting@hemponix.com",Kandiyohi County,New London,Kandiyohi,8/1/2025,8/1/2027
MICRO-L25-000923,Microbusiness,Black Husky LLC,Black Husky LLC,Retail,No,Yes,"2706 Ekko Avenue, Albert Lea, MN 56007",Christina Aranguiz,cristyearanguiz@gmail.com,City of Albert Lea,Albert Lea,Freeborn,7/29/2025,7/29/2027
MICRO-L24-000167,Microbusiness,Dynamic Industrial Solutions LLC,Tanker,Cultivation,N/A,Yes,N/A,Joshua Bergman,lillfarmer@gmail.com,Chisago County,Shafer,Chisago,7/24/2025,7/24/2027
MICRO-L25-000396,Microbusiness,Matchbox Farms MN LLC,The Matchbox Dispensary,Retail,No,Yes,"2316 Hendrickson Road, Albert Lea, MN 56007",Christopher Gracia Sr,cginbend@icloud.com,City of Albert Lea,Albert Lea,Freeborn,7/24/2025,7/24/2027
MICRO-L25-001289,Microbusiness,TRTHJL L.L.C.,Legacy Cannabis Duluth,Retail,No,No,"1906 W Superior Street, Duluth, MN 55806",Joel Wilken-Simon,joelwilkensimon@gmail.com,City of Duluth,Duluth,Saint Louis,7/23/2025,7/23/2027
MICRO-L24-000576,Microbusiness,Fairwater Farm LLC,Fairwater Farms LLC,Cultivation,N/A,Yes,N/A,Linda Christopherson,Lindac@sbdci.com,Winona County,Plainview,Winona,7/21/2025,7/21/2027
MICRO-L24-000036,Microbusiness,The Smoking Tree LLC,The Smoking Tree,Retail,No,Yes,"2718 Bridge Avenue, Albert Lea, MN 56007",Jacob Schlichter,slick@getslicks.com,City of Albert Lea,Albert Lea,Freeborn,7/17/2025,7/17/2027
MICRO-L25-000571,Microbusiness,Loon Labs LLC,Loon Labs,Manufacturing,N/A,No,N/A,Gabriel Hanson,gabriel@loonlabmn.com,Athens Township,Isanti,Isanti,7/17/2025,7/17/2027
MICRO-L24-000309,Microbusiness,Concentrate Labs LLC,Roots & Resin Farms,Cultivation/Manufacturing,N/A,Yes,N/A,Preston Torres,torres.n.preston@gmail.com,Chisago County,Lindstrom,Chisago,7/14/2025,7/14/2027
MICRO-L24-000376,Microbusiness,Herb-Quest LLC,Herb-Quest LLC,Cultivation,N/A,Yes,N/A,Deanna Coonradt,info@herb-quest.com,Pine County,Brook Park,Pine,6/18/2025,6/18/2027
End of worksheet,,,,,,,,,,,,,,
