Product,SKU,Description,Category,Product Line,COGS/Case,Cost/Unit Ref,Active
Lagom - 24K Lemonade,860012530502,24 can case - 12 oz cans,Seltzer,Seltzer,72.0,3.0,True
Lagom - Strawberry Lime Fusion,860012530540,24 can case - 12 oz cans,Seltzer,Seltzer,72.0,3.0,True
Lagom - Blackberry Breeze,860012530564,24 can case - 12 oz cans,Seltzer,Seltzer,72.0,3.0,True
Lagom - Watermelon Refresher,860012530526,24 can case - 12 oz cans,Seltzer,Seltzer,72.0,3.0,True
Lagom - Variety Pack,860012530588,24 can case - 12 oz cans,Seltzer,Seltzer,72.0,3.0,True
Midnight Drift - Blueberry Yum Yum,792671159896,Case of 10,Gummy,Midnight Drift,80.0,8.0,True
Midnight Drift - Strawberry,792671159872,Case of 10,Gummy,Midnight Drift,80.0,8.0,True
Midnight Drift - Pink Lemonade,792671159902,Case of 10,Gummy,Midnight Drift,80.0,8.0,True
Midnight Drift - Peach,792671159889,Case of 10,Gummy,Midnight Drift,80.0,8.0,True
Organic Line - Blue Razz,860012530533,Case of 10,Gummy,Organic Line,81.0,8.1,True
Organic Line - Berry Melon Bliss,860012530557,Case of 10,Gummy,Organic Line,81.0,8.1,True
Organic Line - Cherry Bliss,860012530571,Case of 10,Gummy,Organic Line,81.0,8.1,True
Organic Line - Push Pop,860012530595,Case of 10,Gummy,Organic Line,81.0,8.0,True
The Drip - Blueberry Yum Yum,792671159919,Case of 10,Gummy,The Drip,70.0,7.0,True
The Drip - Push Pop,792671159926,Case of 10,Gummy,The Drip,70.0,7.0,True
The Drip - Green Apple,792671159933,Case of 10,Gummy,The Drip,70.0,7.0,True
The Drip - Strawberry Banana,792671159940,Case of 10,Gummy,The Drip,70.0,7.0,True
